Ampara,2015,1,144.00,25.13
Ampara,2015,10,323.00,26.54
Ampara,2015,11,348.00,25.77
Ampara,2015,12,440.00,25.57
Ampara,2015,2,297.00,24.87
Ampara,2015,3,179.00,26.07
Ampara,2015,4,176.00,27.20
Ampara,2015,5,117.00,28.12
Ampara,2015,6,79.00,28.80
Ampara,2015,7,40.00,29.38
Ampara,2015,8,66.00,28.89
Ampara,2015,9,101.00,28.06
Ampara,2016,1,176.00,25.63
Ampara,2016,10,123.00,28.80
Ampara,2016,11,318.00,25.80
Ampara,2016,12,186.00,25.52
Ampara,2016,2,173.00,26.28
Ampara,2016,3,135.00,27.33
Ampara,2016,4,95.00,28.88
Ampara,2016,5,193.00,28.27
Ampara,2016,6,35.00,29.27
Ampara,2016,7,72.00,29.35
Ampara,2016,8,41.00,29.39
Ampara,2016,9,29.00,29.40
Ampara,2017,1,252.00,24.32
Ampara,2017,10,183.00,27.68
Ampara,2017,11,354.00,25.61
Ampara,2017,12,267.00,25.21
Ampara,2017,2,198.00,24.65
Ampara,2017,3,184.00,26.23
Ampara,2017,4,84.00,28.06
Ampara,2017,5,107.00,28.89
Ampara,2017,6,56.00,29.93
Ampara,2017,7,71.00,30.35
Ampara,2017,8,89.00,29.60
Ampara,2017,9,121.00,28.11
Ampara,2018,1,151.00,24.40
Ampara,2018,10,376.00,26.09
Ampara,2018,11,436.00,25.57
Ampara,2018,12,331.00,25.04
Ampara,2018,2,225.00,24.81
Ampara,2018,3,263.00,26.10
Ampara,2018,4,218.00,26.83
Ampara,2018,5,161.00,27.10
Ampara,2018,6,68.00,28.40
Ampara,2018,7,52.00,29.85
Ampara,2018,8,57.00,29.81
Ampara,2018,9,129.00,29.03
Ampara,2019,1,250.00,24.76
Ampara,2019,10,394.00,25.71
Ampara,2019,11,395.00,26.00
Ampara,2019,12,508.00,25.28
Ampara,2019,2,365.00,25.74
Ampara,2019,3,131.00,26.77
Ampara,2019,4,142.00,28.14
Ampara,2019,5,64.00,30.05
Ampara,2019,6,65.00,30.73
Ampara,2019,7,68.00,30.31
Ampara,2019,8,101.00,29.41
Ampara,2019,9,193.00,27.97
Ampara,2020,1,297.00,25.42
Ampara,2020,10,123.00,28.96
Ampara,2020,11,412.00,26.20
Ampara,2020,12,407.00,25.22
Ampara,2020,2,212.00,25.75
Ampara,2020,3,76.00,27.01
Ampara,2020,4,205.00,28.20
Ampara,2020,5,169.00,28.67
Ampara,2020,6,81.00,29.36
Ampara,2020,7,107.00,28.73
Ampara,2020,8,52.00,29.79
Ampara,2020,9,126.00,28.50
Ampara,2021,1,425.00,24.88
Ampara,2021,10,211.00,27.12
Ampara,2021,11,323.00,25.63
Ampara,2021,12,269.00,25.23
Ampara,2021,2,235.00,25.20
Ampara,2021,3,247.00,26.04
Ampara,2021,4,158.00,27.39
Ampara,2021,5,188.00,28.04
Ampara,2021,6,82.00,28.86
Ampara,2021,7,101.00,29.12
Ampara,2021,8,115.00,28.74
Ampara,2021,9,131.00,28.77
Ampara,2022,1,289.00,24.70
Ampara,2022,10,210.00,26.44
Ampara,2022,11,261.00,25.31
Ampara,2022,12,300.00,24.74
Ampara,2022,2,184.00,25.20
Ampara,2022,3,152.00,26.50
Ampara,2022,4,216.00,26.81
Ampara,2022,5,83.00,28.48
Ampara,2022,6,85.00,28.27
Ampara,2022,7,117.00,28.41
Ampara,2022,8,120.00,27.60
Ampara,2022,9,101.00,27.78
Ampara,2023,1,249.00,24.30
Ampara,2023,10,281.00,26.29
Ampara,2023,11,381.00,25.63
Ampara,2023,12,455.00,25.49
Ampara,2023,2,264.00,24.83
Ampara,2023,3,256.00,26.06
Ampara,2023,4,151.00,27.40
Ampara,2023,5,109.00,28.05
Ampara,2023,6,75.00,29.41
Ampara,2023,7,60.00,29.34
Ampara,2023,8,89.00,30.10
Ampara,2023,9,134.00,28.18
Ampara,2024,1,301.00,25.29
Ampara,2024,2,197.00,26.44
Ampara,2024,3,130.00,27.07
Ampara,2024,4,148.00,28.44
Ampara,2024,5,154.00,28.88
Ampara,2024,6,36.00,28.66
Anuradhapura,2015,1,47.00,24.90
Anuradhapura,2015,10,274.00,26.24
Anuradhapura,2015,11,316.00,25.27
Anuradhapura,2015,12,258.00,25.25
Anuradhapura,2015,2,125.00,24.94
Anuradhapura,2015,3,78.00,26.75
Anuradhapura,2015,4,169.00,27.33
Anuradhapura,2015,5,140.00,27.24
Anuradhapura,2015,6,112.00,27.43
Anuradhapura,2015,7,83.00,27.69
Anuradhapura,2015,8,83.00,27.76
Anuradhapura,2015,9,150.00,27.04
Anuradhapura,2016,1,61.00,25.17
Anuradhapura,2016,10,86.00,27.61
Anuradhapura,2016,11,222.00,25.40
Anuradhapura,2016,12,114.00,25.09
Anuradhapura,2016,2,70.00,26.44
Anuradhapura,2016,3,45.00,28.74
Anuradhapura,2016,4,71.00,29.66
Anuradhapura,2016,5,203.00,27.48
Anuradhapura,2016,6,95.00,27.32
Anuradhapura,2016,7,66.00,27.59
Anuradhapura,2016,8,51.00,27.81
Anuradhapura,2016,9,41.00,27.71
Anuradhapura,2017,1,148.00,24.41
Anuradhapura,2017,10,250.00,26.48
Anuradhapura,2017,11,303.00,25.34
Anuradhapura,2017,12,168.00,24.89
Anuradhapura,2017,2,63.00,25.11
Anuradhapura,2017,3,130.00,26.88
Anuradhapura,2017,4,52.00,29.23
Anuradhapura,2017,5,115.00,28.48
Anuradhapura,2017,6,127.00,28.04
Anuradhapura,2017,7,83.00,28.58
Anuradhapura,2017,8,119.00,27.73
Anuradhapura,2017,9,179.00,26.83
Anuradhapura,2018,1,60.00,24.27
Anuradhapura,2018,10,430.00,25.64
Anuradhapura,2018,11,364.00,25.15
Anuradhapura,2018,12,177.00,24.95
Anuradhapura,2018,2,86.00,25.41
Anuradhapura,2018,3,87.00,27.37
Anuradhapura,2018,4,116.00,28.01
Anuradhapura,2018,5,195.00,26.96
Anuradhapura,2018,6,190.00,27.18
Anuradhapura,2018,7,60.00,27.89
Anuradhapura,2018,8,96.00,27.56
Anuradhapura,2018,9,169.00,27.70
Anuradhapura,2019,1,58.00,24.44
Anuradhapura,2019,10,365.00,25.70
Anuradhapura,2019,11,252.00,25.93
Anuradhapura,2019,12,305.00,25.18
Anuradhapura,2019,2,158.00,26.12
Anuradhapura,2019,3,41.00,28.21
Anuradhapura,2019,4,99.00,28.78
Anuradhapura,2019,5,68.00,29.04
Anuradhapura,2019,6,85.00,28.98
Anuradhapura,2019,7,81.00,28.66
Anuradhapura,2019,8,252.00,27.56
Anuradhapura,2019,9,211.00,27.21
Anuradhapura,2020,1,100.00,25.28
Anuradhapura,2020,10,151.00,27.35
Anuradhapura,2020,11,324.00,25.94
Anuradhapura,2020,12,362.00,24.71
Anuradhapura,2020,2,34.00,26.04
Anuradhapura,2020,3,33.00,27.82
Anuradhapura,2020,4,141.00,28.43
Anuradhapura,2020,5,161.00,28.06
Anuradhapura,2020,6,146.00,27.98
Anuradhapura,2020,7,158.00,27.55
Anuradhapura,2020,8,124.00,27.67
Anuradhapura,2020,9,264.00,26.74
Anuradhapura,2021,1,313.00,24.69
Anuradhapura,2021,10,292.00,26.18
Anuradhapura,2021,11,397.00,25.02
Anuradhapura,2021,12,127.00,25.27
Anuradhapura,2021,2,92.00,25.07
Anuradhapura,2021,3,98.00,26.76
Anuradhapura,2021,4,184.00,27.68
Anuradhapura,2021,5,261.00,27.17
Anuradhapura,2021,6,136.00,27.40
Anuradhapura,2021,7,137.00,27.71
Anuradhapura,2021,8,113.00,27.63
Anuradhapura,2021,9,173.00,27.51
Anuradhapura,2022,1,125.00,25.07
Anuradhapura,2022,10,242.00,25.85
Anuradhapura,2022,11,223.00,25.06
Anuradhapura,2022,12,243.00,24.71
Anuradhapura,2022,2,99.00,25.10
Anuradhapura,2022,3,93.00,26.79
Anuradhapura,2022,4,209.00,26.66
Anuradhapura,2022,5,200.00,27.35
Anuradhapura,2022,6,115.00,27.29
Anuradhapura,2022,7,114.00,27.37
Anuradhapura,2022,8,153.00,26.88
Anuradhapura,2022,9,119.00,26.99
Anuradhapura,2023,1,153.00,23.98
Anuradhapura,2023,10,268.00,26.19
Anuradhapura,2023,11,376.00,25.44
Anuradhapura,2023,12,323.00,25.38
Anuradhapura,2023,2,113.00,24.92
Anuradhapura,2023,3,109.00,26.63
Anuradhapura,2023,4,104.00,27.74
Anuradhapura,2023,5,129.00,27.61
Anuradhapura,2023,6,70.00,28.23
Anuradhapura,2023,7,80.00,28.22
Anuradhapura,2023,8,53.00,28.83
Anuradhapura,2023,9,192.00,27.33
Anuradhapura,2024,1,187.00,25.22
Anuradhapura,2024,2,63.00,26.77
Anuradhapura,2024,3,53.00,28.08
Anuradhapura,2024,4,105.00,29.29
Anuradhapura,2024,5,310.00,27.96
Anuradhapura,2024,6,42.00,27.48
Badulla,2015,1,103.00,21.32
Badulla,2015,10,321.00,22.80
Badulla,2015,11,301.00,22.23
Badulla,2015,12,259.00,21.91
Badulla,2015,2,155.00,21.20
Badulla,2015,3,119.00,22.52
Badulla,2015,4,262.00,23.34
Badulla,2015,5,172.00,24.15
Badulla,2015,6,84.00,24.50
Badulla,2015,7,62.00,25.42
Badulla,2015,8,107.00,25.34
Badulla,2015,9,161.00,24.15
Badulla,2016,1,78.00,21.76
Badulla,2016,10,164.00,25.64
Badulla,2016,11,279.00,22.37
Badulla,2016,12,142.00,22.16
Badulla,2016,2,113.00,22.34
Badulla,2016,3,93.00,24.06
Badulla,2016,4,136.00,25.51
Badulla,2016,5,290.00,24.74
Badulla,2016,6,44.00,25.33
Badulla,2016,7,73.00,25.38
Badulla,2016,8,42.00,25.45
Badulla,2016,9,42.00,26.23
Badulla,2017,1,286.00,20.27
Badulla,2017,10,215.00,23.78
Badulla,2017,11,339.00,21.84
Badulla,2017,12,328.00,21.33
Badulla,2017,2,236.00,20.90
Badulla,2017,3,179.00,22.43
Badulla,2017,4,67.00,24.33
Badulla,2017,5,131.00,25.39
Badulla,2017,6,106.00,25.66
Badulla,2017,7,108.00,26.10
Badulla,2017,8,105.00,25.11
Badulla,2017,9,148.00,24.03
Badulla,2018,1,224.00,20.27
Badulla,2018,10,346.00,22.42
Badulla,2018,11,387.00,21.92
Badulla,2018,12,320.00,21.19
Badulla,2018,2,275.00,21.10
Badulla,2018,3,255.00,22.43
Badulla,2018,4,187.00,22.97
Badulla,2018,5,206.00,23.51
Badulla,2018,6,112.00,24.32
Badulla,2018,7,119.00,24.37
Badulla,2018,8,138.00,24.48
Badulla,2018,9,166.00,24.54
Badulla,2019,1,404.00,20.58
Badulla,2019,10,377.00,22.28
Badulla,2019,11,367.00,22.26
Badulla,2019,12,450.00,21.70
Badulla,2019,2,373.00,21.93
Badulla,2019,3,152.00,22.42
Badulla,2019,4,185.00,23.88
Badulla,2019,5,124.00,25.15
Badulla,2019,6,77.00,25.91
Badulla,2019,7,99.00,25.54
Badulla,2019,8,145.00,24.95
Badulla,2019,9,226.00,23.84
Badulla,2020,1,318.00,21.28
Badulla,2020,10,88.00,24.29
Badulla,2020,11,387.00,22.52
Badulla,2020,12,457.00,21.67
Badulla,2020,2,350.00,21.53
Badulla,2020,3,108.00,23.08
Badulla,2020,4,223.00,23.73
Badulla,2020,5,191.00,24.64
Badulla,2020,6,122.00,24.93
Badulla,2020,7,160.00,24.29
Badulla,2020,8,117.00,24.90
Badulla,2020,9,146.00,23.85
Badulla,2021,1,451.00,21.30
Badulla,2021,10,218.00,23.05
Badulla,2021,11,324.00,22.16
Badulla,2021,12,384.00,21.36
Badulla,2021,2,324.00,21.33
Badulla,2021,3,232.00,22.06
Badulla,2021,4,163.00,23.20
Badulla,2021,5,240.00,23.86
Badulla,2021,6,133.00,23.73
Badulla,2021,7,144.00,24.09
Badulla,2021,8,197.00,23.95
Badulla,2021,9,186.00,23.83
Badulla,2022,1,367.00,21.06
Badulla,2022,10,256.00,22.76
Badulla,2022,11,281.00,21.51
Badulla,2022,12,306.00,20.98
Badulla,2022,2,212.00,21.15
Badulla,2022,3,204.00,22.46
Badulla,2022,4,229.00,22.71
Badulla,2022,5,160.00,24.66
Badulla,2022,6,141.00,23.93
Badulla,2022,7,144.00,24.22
Badulla,2022,8,183.00,23.88
Badulla,2022,9,139.00,23.60
Badulla,2023,1,423.00,20.10
Badulla,2023,10,350.00,23.02
Badulla,2023,11,367.00,22.61
Badulla,2023,12,489.00,22.37
Badulla,2023,2,335.00,21.04
Badulla,2023,3,289.00,22.08
Badulla,2023,4,183.00,23.05
Badulla,2023,5,164.00,24.09
Badulla,2023,6,151.00,25.03
Badulla,2023,7,133.00,25.02
Badulla,2023,8,125.00,25.59
Badulla,2023,9,221.00,24.02
Badulla,2024,1,434.00,21.68
Badulla,2024,2,287.00,22.37
Badulla,2024,3,106.00,23.40
Badulla,2024,4,159.00,24.64
Badulla,2024,5,252.00,25.53
Badulla,2024,6,53.00,25.16
Bandarawela,2015,1,89.00,19.88
Bandarawela,2015,10,399.00,20.91
Bandarawela,2015,11,380.00,20.53
Bandarawela,2015,12,303.00,20.30
Bandarawela,2015,2,163.00,19.63
Bandarawela,2015,3,131.00,20.69
Bandarawela,2015,4,278.00,21.11
Bandarawela,2015,5,271.00,21.82
Bandarawela,2015,6,259.00,22.02
Bandarawela,2015,7,305.00,22.36
Bandarawela,2015,8,284.00,22.08
Bandarawela,2015,9,347.00,21.53
Bandarawela,2016,1,109.00,20.44
Bandarawela,2016,10,255.00,21.84
Bandarawela,2016,11,277.00,20.45
Bandarawela,2016,12,128.00,20.14
Bandarawela,2016,2,106.00,21.07
Bandarawela,2016,3,61.00,22.86
Bandarawela,2016,4,161.00,22.73
Bandarawela,2016,5,420.00,22.10
Bandarawela,2016,6,366.00,22.02
Bandarawela,2016,7,292.00,22.27
Bandarawela,2016,8,274.00,22.32
Bandarawela,2016,9,236.00,22.54
Bandarawela,2017,1,185.00,17.95
Bandarawela,2017,10,224.00,20.31
Bandarawela,2017,11,334.00,18.91
Bandarawela,2017,12,212.00,18.51
Bandarawela,2017,2,133.00,18.16
Bandarawela,2017,3,180.00,19.32
Bandarawela,2017,4,88.00,21.25
Bandarawela,2017,5,172.00,21.63
Bandarawela,2017,6,107.00,21.74
Bandarawela,2017,7,100.00,22.43
Bandarawela,2017,8,150.00,21.21
Bandarawela,2017,9,150.00,20.30
Bandarawela,2018,1,149.00,17.68
Bandarawela,2018,10,368.00,19.32
Bandarawela,2018,11,348.00,18.94
Bandarawela,2018,12,207.00,18.46
Bandarawela,2018,2,154.00,18.76
Bandarawela,2018,3,210.00,19.35
Bandarawela,2018,4,198.00,19.89
Bandarawela,2018,5,243.00,20.18
Bandarawela,2018,6,125.00,20.87
Bandarawela,2018,7,132.00,20.76
Bandarawela,2018,8,163.00,20.74
Bandarawela,2018,9,197.00,20.51
Bandarawela,2019,1,169.00,18.12
Bandarawela,2019,10,400.00,19.12
Bandarawela,2019,11,313.00,19.15
Bandarawela,2019,12,358.00,18.90
Bandarawela,2019,2,232.00,19.10
Bandarawela,2019,3,132.00,19.52
Bandarawela,2019,4,214.00,20.61
Bandarawela,2019,5,194.00,21.02
Bandarawela,2019,6,82.00,21.89
Bandarawela,2019,7,114.00,21.64
Bandarawela,2019,8,193.00,20.73
Bandarawela,2019,9,242.00,20.13
Bandarawela,2020,1,166.00,18.69
Bandarawela,2020,10,133.00,20.86
Bandarawela,2020,11,341.00,19.38
Bandarawela,2020,12,327.00,18.76
Bandarawela,2020,2,179.00,19.21
Bandarawela,2020,3,102.00,20.56
Bandarawela,2020,4,202.00,20.65
Bandarawela,2020,5,183.00,21.33
Bandarawela,2020,6,122.00,21.68
Bandarawela,2020,7,141.00,20.97
Bandarawela,2020,8,135.00,21.02
Bandarawela,2020,9,213.00,20.26
Bandarawela,2021,1,323.00,18.45
Bandarawela,2021,10,223.00,19.83
Bandarawela,2021,11,329.00,19.33
Bandarawela,2021,12,222.00,18.53
Bandarawela,2021,2,176.00,18.53
Bandarawela,2021,3,189.00,19.03
Bandarawela,2021,4,186.00,19.90
Bandarawela,2021,5,273.00,20.52
Bandarawela,2021,6,134.00,20.53
Bandarawela,2021,7,173.00,20.74
Bandarawela,2021,8,205.00,20.69
Bandarawela,2021,9,190.00,20.48
Bandarawela,2022,1,223.00,18.22
Bandarawela,2022,10,272.00,19.59
Bandarawela,2022,11,280.00,18.46
Bandarawela,2022,12,259.00,18.12
Bandarawela,2022,2,139.00,18.56
Bandarawela,2022,3,221.00,19.40
Bandarawela,2022,4,255.00,19.52
Bandarawela,2022,5,179.00,20.93
Bandarawela,2022,6,152.00,20.51
Bandarawela,2022,7,178.00,20.71
Bandarawela,2022,8,228.00,20.29
Bandarawela,2022,9,163.00,20.16
Bandarawela,2023,1,208.00,17.59
Bandarawela,2023,10,399.00,19.35
Bandarawela,2023,11,383.00,19.25
Bandarawela,2023,12,417.00,19.23
Bandarawela,2023,2,211.00,18.36
Bandarawela,2023,3,204.00,19.04
Bandarawela,2023,4,181.00,19.82
Bandarawela,2023,5,175.00,20.73
Bandarawela,2023,6,151.00,21.61
Bandarawela,2023,7,150.00,21.36
Bandarawela,2023,8,167.00,21.63
Bandarawela,2023,9,282.00,20.10
Bandarawela,2024,1,259.00,18.62
Bandarawela,2024,2,196.00,19.33
Bandarawela,2024,3,98.00,20.26
Bandarawela,2024,4,172.00,20.79
Bandarawela,2024,5,305.00,21.64
Bandarawela,2024,6,78.00,21.10
Batticaloa,2015,1,190.00,25.52
Batticaloa,2015,10,329.00,26.87
Batticaloa,2015,11,379.00,26.13
Batticaloa,2015,12,484.00,26.02
Batticaloa,2015,2,340.00,25.31
Batticaloa,2015,3,180.00,26.55
Batticaloa,2015,4,164.00,27.68
Batticaloa,2015,5,105.00,28.50
Batticaloa,2015,6,60.00,29.20
Batticaloa,2015,7,26.00,29.93
Batticaloa,2015,8,38.00,29.50
Batticaloa,2015,9,88.00,28.34
Batticaloa,2016,1,235.00,26.12
Batticaloa,2016,10,121.00,28.62
Batticaloa,2016,11,336.00,26.19
Batticaloa,2016,12,251.00,25.74
Batticaloa,2016,2,186.00,26.71
Batticaloa,2016,3,139.00,27.59
Batticaloa,2016,4,65.00,29.37
Batticaloa,2016,5,192.00,28.80
Batticaloa,2016,6,25.00,29.87
Batticaloa,2016,7,63.00,29.51
Batticaloa,2016,8,29.00,29.67
Batticaloa,2016,9,27.00,29.60
Batticaloa,2017,1,306.00,25.00
Batticaloa,2017,10,226.00,27.59
Batticaloa,2017,11,393.00,25.99
Batticaloa,2017,12,308.00,25.74
Batticaloa,2017,2,219.00,25.50
Batticaloa,2017,3,195.00,26.82
Batticaloa,2017,4,59.00,28.94
Batticaloa,2017,5,85.00,29.52
Batticaloa,2017,6,69.00,30.43
Batticaloa,2017,7,54.00,30.20
Batticaloa,2017,8,88.00,29.48
Batticaloa,2017,9,143.00,28.20
Batticaloa,2018,1,174.00,25.11
Batticaloa,2018,10,401.00,26.41
Batticaloa,2018,11,462.00,26.01
Batticaloa,2018,12,375.00,25.53
Batticaloa,2018,2,243.00,25.61
Batticaloa,2018,3,257.00,26.72
Batticaloa,2018,4,199.00,27.52
Batticaloa,2018,5,163.00,27.73
Batticaloa,2018,6,75.00,29.28
Batticaloa,2018,7,70.00,29.81
Batticaloa,2018,8,63.00,29.77
Batticaloa,2018,9,132.00,28.81
Batticaloa,2019,1,274.00,25.53
Batticaloa,2019,10,419.00,26.24
Batticaloa,2019,11,432.00,26.50
Batticaloa,2019,12,512.00,25.96
Batticaloa,2019,2,372.00,26.41
Batticaloa,2019,3,124.00,27.70
Batticaloa,2019,4,116.00,28.87
Batticaloa,2019,5,67.00,30.02
Batticaloa,2019,6,63.00,30.50
Batticaloa,2019,7,77.00,29.79
Batticaloa,2019,8,103.00,29.52
Batticaloa,2019,9,223.00,27.83
Batticaloa,2020,1,308.00,26.28
Batticaloa,2020,10,120.00,28.51
Batticaloa,2020,11,454.00,26.47
Batticaloa,2020,12,466.00,25.61
Batticaloa,2020,2,219.00,26.73
Batticaloa,2020,3,87.00,27.77
Batticaloa,2020,4,194.00,28.82
Batticaloa,2020,5,156.00,29.10
Batticaloa,2020,6,105.00,29.79
Batticaloa,2020,7,128.00,28.76
Batticaloa,2020,8,70.00,29.73
Batticaloa,2020,9,135.00,28.06
Batticaloa,2021,1,458.00,25.57
Batticaloa,2021,10,226.00,27.16
Batticaloa,2021,11,343.00,25.87
Batticaloa,2021,12,325.00,25.93
Batticaloa,2021,2,264.00,25.84
Batticaloa,2021,3,247.00,26.99
Batticaloa,2021,4,188.00,28.15
Batticaloa,2021,5,229.00,28.64
Batticaloa,2021,6,100.00,29.37
Batticaloa,2021,7,88.00,29.46
Batticaloa,2021,8,126.00,28.94
Batticaloa,2021,9,149.00,28.72
Batticaloa,2022,1,338.00,25.35
Batticaloa,2022,10,242.00,26.65
Batticaloa,2022,11,278.00,25.62
Batticaloa,2022,12,355.00,25.19
Batticaloa,2022,2,226.00,25.74
Batticaloa,2022,3,155.00,27.02
Batticaloa,2022,4,193.00,27.19
Batticaloa,2022,5,111.00,29.13
Batticaloa,2022,6,98.00,28.70
Batticaloa,2022,7,124.00,28.74
Batticaloa,2022,8,131.00,27.95
Batticaloa,2022,9,116.00,27.89
Batticaloa,2023,1,284.00,25.09
Batticaloa,2023,10,313.00,26.33
Batticaloa,2023,11,420.00,25.93
Batticaloa,2023,12,493.00,26.08
Batticaloa,2023,2,267.00,25.55
Batticaloa,2023,3,232.00,26.72
Batticaloa,2023,4,139.00,28.20
Batticaloa,2023,5,121.00,28.35
Batticaloa,2023,6,81.00,29.86
Batticaloa,2023,7,85.00,29.91
Batticaloa,2023,8,75.00,29.55
Batticaloa,2023,9,172.00,27.63
Batticaloa,2024,1,337.00,26.13
Batticaloa,2024,2,172.00,27.28
Batticaloa,2024,3,127.00,27.67
Batticaloa,2024,4,122.00,28.92
Batticaloa,2024,5,184.00,29.10
Batticaloa,2024,6,33.00,28.43
Colombo,2015,1,71.00,26.59
Colombo,2015,10,468.00,26.17
Colombo,2015,11,405.00,26.03
Colombo,2015,12,283.00,26.26
Colombo,2015,2,100.00,26.92
Colombo,2015,3,146.00,27.66
Colombo,2015,4,271.00,27.12
Colombo,2015,5,488.00,27.15
Colombo,2015,6,439.00,26.98
Colombo,2015,7,410.00,26.84
Colombo,2015,8,415.00,26.72
Colombo,2015,9,513.00,26.23
Colombo,2016,1,68.00,27.27
Colombo,2016,10,335.00,26.64
Colombo,2016,11,326.00,25.93
Colombo,2016,12,119.00,26.18
Colombo,2016,2,75.00,28.28
Colombo,2016,3,120.00,29.09
Colombo,2016,4,192.00,29.04
Colombo,2016,5,498.00,27.25
Colombo,2016,6,417.00,26.97
Colombo,2016,7,390.00,26.64
Colombo,2016,8,420.00,26.73
Colombo,2016,9,428.00,26.43
Colombo,2017,1,113.00,25.59
Colombo,2017,10,537.00,26.36
Colombo,2017,11,352.00,25.68
Colombo,2017,12,148.00,25.78
Colombo,2017,2,51.00,26.00
Colombo,2017,3,199.00,26.74
Colombo,2017,4,320.00,28.05
Colombo,2017,5,493.00,27.66
Colombo,2017,6,557.00,26.93
Colombo,2017,7,513.00,27.32
Colombo,2017,8,540.00,26.82
Colombo,2017,9,492.00,26.45
Colombo,2018,1,47.00,25.92
Colombo,2018,10,438.00,25.76
Colombo,2018,11,364.00,25.76
Colombo,2018,12,143.00,25.73
Colombo,2018,2,84.00,26.81
Colombo,2018,3,224.00,26.85
Colombo,2018,4,241.00,27.06
Colombo,2018,5,518.00,26.67
Colombo,2018,6,591.00,26.79
Colombo,2018,7,428.00,26.62
Colombo,2018,8,339.00,26.25
Colombo,2018,9,304.00,26.74
Colombo,2019,1,82.00,26.53
Colombo,2019,10,462.00,25.60
Colombo,2019,11,382.00,25.96
Colombo,2019,12,234.00,25.89
Colombo,2019,2,194.00,26.84
Colombo,2019,3,157.00,27.75
Colombo,2019,4,241.00,28.16
Colombo,2019,5,477.00,27.99
Colombo,2019,6,551.00,27.79
Colombo,2019,7,404.00,27.30
Colombo,2019,8,608.00,26.60
Colombo,2019,9,559.00,26.22
Colombo,2020,1,85.00,26.63
Colombo,2020,10,429.00,26.85
Colombo,2020,11,297.00,26.23
Colombo,2020,12,255.00,25.68
Colombo,2020,2,77.00,27.67
Colombo,2020,3,138.00,27.99
Colombo,2020,4,275.00,27.86
Colombo,2020,5,527.00,27.76
Colombo,2020,6,480.00,27.48
Colombo,2020,7,502.00,26.89
Colombo,2020,8,437.00,26.86
Colombo,2020,9,596.00,26.22
Colombo,2021,1,226.00,25.43
Colombo,2021,10,498.00,26.32
Colombo,2021,11,505.00,25.49
Colombo,2021,12,153.00,25.75
Colombo,2021,2,73.00,26.40
Colombo,2021,3,203.00,26.51
Colombo,2021,4,329.00,27.23
Colombo,2021,5,502.00,27.20
Colombo,2021,6,521.00,26.99
Colombo,2021,7,495.00,26.91
Colombo,2021,8,529.00,26.55
Colombo,2021,9,551.00,26.71
Colombo,2022,1,138.00,26.11
Colombo,2022,10,497.00,25.78
Colombo,2022,11,264.00,25.30
Colombo,2022,12,214.00,25.32
Colombo,2022,2,99.00,26.56
Colombo,2022,3,197.00,27.21
Colombo,2022,4,327.00,26.66
Colombo,2022,5,588.00,26.89
Colombo,2022,6,498.00,26.69
Colombo,2022,7,307.00,26.67
Colombo,2022,8,466.00,26.23
Colombo,2022,9,443.00,26.29
Colombo,2023,1,113.00,25.18
Colombo,2023,10,510.00,25.61
Colombo,2023,11,407.00,25.54
Colombo,2023,12,324.00,25.89
Colombo,2023,2,123.00,25.61
Colombo,2023,3,199.00,26.44
Colombo,2023,4,186.00,27.35
Colombo,2023,5,473.00,27.35
Colombo,2023,6,575.00,27.04
Colombo,2023,7,420.00,26.92
Colombo,2023,8,444.00,27.04
Colombo,2023,9,602.00,26.02
Colombo,2024,1,186.00,26.01
Colombo,2024,2,98.00,27.56
Colombo,2024,3,118.00,28.08
Colombo,2024,4,225.00,28.16
Colombo,2024,5,502.00,27.74
Colombo,2024,6,133.00,26.95
Galle,2015,1,140.00,25.82
Galle,2015,10,420.00,26.30
Galle,2015,11,387.00,26.21
Galle,2015,12,283.00,26.35
Galle,2015,2,122.00,26.07
Galle,2015,3,133.00,27.02
Galle,2015,4,260.00,27.21
Galle,2015,5,451.00,27.18
Galle,2015,6,336.00,27.18
Galle,2015,7,346.00,26.86
Galle,2015,8,438.00,26.53
Galle,2015,9,468.00,26.26
Galle,2016,1,83.00,26.76
Galle,2016,10,298.00,26.40
Galle,2016,11,344.00,25.98
Galle,2016,12,205.00,26.00
Galle,2016,2,107.00,27.30
Galle,2016,3,127.00,28.32
Galle,2016,4,253.00,28.25
Galle,2016,5,513.00,27.27
Galle,2016,6,420.00,26.89
Galle,2016,7,309.00,26.52
Galle,2016,8,359.00,26.56
Galle,2016,9,331.00,26.36
Galle,2017,1,141.00,25.49
Galle,2017,10,542.00,26.58
Galle,2017,11,355.00,25.95
Galle,2017,12,185.00,25.88
Galle,2017,2,127.00,25.70
Galle,2017,3,220.00,26.65
Galle,2017,4,370.00,27.66
Galle,2017,5,511.00,27.31
Galle,2017,6,564.00,26.94
Galle,2017,7,521.00,27.26
Galle,2017,8,595.00,26.79
Galle,2017,9,525.00,26.61
Galle,2018,1,127.00,25.52
Galle,2018,10,450.00,25.84
Galle,2018,11,364.00,25.96
Galle,2018,12,201.00,25.85
Galle,2018,2,165.00,25.97
Galle,2018,3,241.00,26.69
Galle,2018,4,278.00,26.84
Galle,2018,5,569.00,26.67
Galle,2018,6,602.00,26.79
Galle,2018,7,497.00,26.61
Galle,2018,8,491.00,26.32
Galle,2018,9,388.00,26.54
Galle,2019,1,163.00,25.60
Galle,2019,10,490.00,25.68
Galle,2019,11,359.00,26.03
Galle,2019,12,263.00,26.00
Galle,2019,2,205.00,26.26
Galle,2019,3,193.00,26.83
Galle,2019,4,279.00,27.57
Galle,2019,5,545.00,27.61
Galle,2019,6,543.00,27.76
Galle,2019,7,500.00,27.19
Galle,2019,8,615.00,26.56
Galle,2019,9,583.00,26.22
Galle,2020,1,143.00,26.42
Galle,2020,10,413.00,26.87
Galle,2020,11,347.00,26.24
Galle,2020,12,292.00,25.87
Galle,2020,2,136.00,26.99
Galle,2020,3,127.00,27.82
Galle,2020,4,266.00,27.45
Galle,2020,5,569.00,27.59
Galle,2020,6,486.00,27.44
Galle,2020,7,482.00,26.89
Galle,2020,8,464.00,26.92
Galle,2020,9,584.00,26.33
Galle,2021,1,306.00,25.45
Galle,2021,10,469.00,26.52
Galle,2021,11,492.00,25.83
Galle,2021,12,238.00,25.66
Galle,2021,2,181.00,25.95
Galle,2021,3,260.00,26.38
Galle,2021,4,317.00,27.26
Galle,2021,5,473.00,27.29
Galle,2021,6,518.00,26.99
Galle,2021,7,565.00,26.80
Galle,2021,8,585.00,26.45
Galle,2021,9,593.00,26.65
Galle,2022,1,173.00,25.48
Galle,2022,10,524.00,25.83
Galle,2022,11,280.00,25.63
Galle,2022,12,278.00,25.45
Galle,2022,2,137.00,26.13
Galle,2022,3,232.00,26.84
Galle,2022,4,341.00,26.87
Galle,2022,5,620.00,26.87
Galle,2022,6,534.00,26.63
Galle,2022,7,368.00,26.63
Galle,2022,8,516.00,26.25
Galle,2022,9,450.00,26.32
Galle,2023,1,169.00,24.96
Galle,2023,10,502.00,25.56
Galle,2023,11,414.00,25.57
Galle,2023,12,377.00,25.83
Galle,2023,2,183.00,25.52
Galle,2023,3,220.00,26.21
Galle,2023,4,239.00,26.97
Galle,2023,5,491.00,27.39
Galle,2023,6,598.00,27.02
Galle,2023,7,492.00,26.70
Galle,2023,8,498.00,27.02
Galle,2023,9,574.00,26.06
Galle,2024,1,247.00,25.82
Galle,2024,2,141.00,27.13
Galle,2024,3,175.00,27.48
Galle,2024,4,250.00,27.69
Galle,2024,5,485.00,27.41
Galle,2024,6,161.00,26.94
Gampaha,2015,1,40.00,26.50
Gampaha,2015,10,450.00,26.01
Gampaha,2015,11,362.00,25.86
Gampaha,2015,12,271.00,26.18
Gampaha,2015,2,72.00,26.94
Gampaha,2015,3,139.00,27.55
Gampaha,2015,4,262.00,27.02
Gampaha,2015,5,433.00,26.96
Gampaha,2015,6,430.00,26.74
Gampaha,2015,7,422.00,26.59
Gampaha,2015,8,412.00,26.52
Gampaha,2015,9,477.00,26.07
Gampaha,2016,1,34.00,27.28
Gampaha,2016,10,314.00,26.31
Gampaha,2016,11,293.00,25.85
Gampaha,2016,12,98.00,26.05
Gampaha,2016,2,60.00,28.45
Gampaha,2016,3,116.00,29.26
Gampaha,2016,4,167.00,28.95
Gampaha,2016,5,501.00,27.01
Gampaha,2016,6,452.00,26.72
Gampaha,2016,7,397.00,26.45
Gampaha,2016,8,394.00,26.45
Gampaha,2016,9,402.00,26.19
Gampaha,2017,1,114.00,25.99
Gampaha,2017,10,522.00,25.94
Gampaha,2017,11,340.00,25.40
Gampaha,2017,12,142.00,25.71
Gampaha,2017,2,53.00,26.19
Gampaha,2017,3,214.00,26.62
Gampaha,2017,4,316.00,27.47
Gampaha,2017,5,464.00,27.08
Gampaha,2017,6,543.00,26.50
Gampaha,2017,7,498.00,26.91
Gampaha,2017,8,527.00,26.45
Gampaha,2017,9,471.00,26.06
Gampaha,2018,1,57.00,26.24
Gampaha,2018,10,417.00,25.53
Gampaha,2018,11,364.00,25.55
Gampaha,2018,12,111.00,25.65
Gampaha,2018,2,91.00,27.04
Gampaha,2018,3,195.00,26.70
Gampaha,2018,4,232.00,26.74
Gampaha,2018,5,484.00,26.26
Gampaha,2018,6,634.00,26.34
Gampaha,2018,7,436.00,26.38
Gampaha,2018,8,363.00,26.08
Gampaha,2018,9,302.00,26.48
Gampaha,2019,1,71.00,26.77
Gampaha,2019,10,451.00,25.33
Gampaha,2019,11,349.00,25.78
Gampaha,2019,12,250.00,25.83
Gampaha,2019,2,187.00,26.84
Gampaha,2019,3,131.00,27.56
Gampaha,2019,4,248.00,27.99
Gampaha,2019,5,460.00,27.59
Gampaha,2019,6,582.00,27.36
Gampaha,2019,7,445.00,26.92
Gampaha,2019,8,618.00,26.19
Gampaha,2019,9,568.00,25.88
Gampaha,2020,1,80.00,27.05
Gampaha,2020,10,442.00,26.52
Gampaha,2020,11,295.00,26.03
Gampaha,2020,12,261.00,25.54
Gampaha,2020,2,66.00,28.20
Gampaha,2020,3,156.00,28.00
Gampaha,2020,4,284.00,27.68
Gampaha,2020,5,511.00,27.50
Gampaha,2020,6,492.00,27.08
Gampaha,2020,7,480.00,26.50
Gampaha,2020,8,431.00,26.54
Gampaha,2020,9,603.00,25.82
Gampaha,2021,1,214.00,25.42
Gampaha,2021,10,494.00,25.88
Gampaha,2021,11,492.00,25.02
Gampaha,2021,12,128.00,25.96
Gampaha,2021,2,62.00,26.71
Gampaha,2021,3,188.00,26.63
Gampaha,2021,4,279.00,27.10
Gampaha,2021,5,510.00,26.85
Gampaha,2021,6,557.00,26.55
Gampaha,2021,7,503.00,26.60
Gampaha,2021,8,519.00,26.21
Gampaha,2021,9,567.00,26.32
Gampaha,2022,1,129.00,26.30
Gampaha,2022,10,486.00,25.42
Gampaha,2022,11,265.00,25.13
Gampaha,2022,12,221.00,25.08
Gampaha,2022,2,99.00,26.84
Gampaha,2022,3,182.00,27.07
Gampaha,2022,4,323.00,26.40
Gampaha,2022,5,595.00,26.44
Gampaha,2022,6,538.00,26.25
Gampaha,2022,7,319.00,26.50
Gampaha,2022,8,493.00,25.94
Gampaha,2022,9,460.00,25.94
Gampaha,2023,1,116.00,25.18
Gampaha,2023,10,488.00,25.34
Gampaha,2023,11,368.00,25.31
Gampaha,2023,12,304.00,25.73
Gampaha,2023,2,117.00,25.79
Gampaha,2023,3,200.00,26.41
Gampaha,2023,4,204.00,26.89
Gampaha,2023,5,444.00,26.94
Gampaha,2023,6,569.00,26.55
Gampaha,2023,7,454.00,26.51
Gampaha,2023,8,383.00,26.65
Gampaha,2023,9,572.00,25.51
Gampaha,2024,1,188.00,26.01
Gampaha,2024,2,65.00,27.92
Gampaha,2024,3,95.00,28.10
Gampaha,2024,4,213.00,27.94
Gampaha,2024,5,488.00,27.25
Gampaha,2024,6,117.00,26.69
Hambantota,2015,1,48.00,26.01
Hambantota,2015,10,298.00,26.81
Hambantota,2015,11,273.00,26.38
Hambantota,2015,12,255.00,26.15
Hambantota,2015,2,52.00,26.19
Hambantota,2015,3,88.00,27.06
Hambantota,2015,4,192.00,27.21
Hambantota,2015,5,170.00,27.73
Hambantota,2015,6,86.00,28.32
Hambantota,2015,7,55.00,28.29
Hambantota,2015,8,115.00,27.97
Hambantota,2015,9,233.00,27.35
Hambantota,2016,1,19.00,26.82
Hambantota,2016,10,60.00,28.03
Hambantota,2016,11,236.00,26.47
Hambantota,2016,12,100.00,26.53
Hambantota,2016,2,56.00,27.42
Hambantota,2016,3,44.00,28.58
Hambantota,2016,4,152.00,28.69
Hambantota,2016,5,257.00,27.76
Hambantota,2016,6,91.00,27.86
Hambantota,2016,7,54.00,28.12
Hambantota,2016,8,42.00,28.20
Hambantota,2016,9,20.00,28.11
Hambantota,2017,1,122.00,26.59
Hambantota,2017,10,177.00,27.77
Hambantota,2017,11,374.00,26.38
Hambantota,2017,12,197.00,26.20
Hambantota,2017,2,107.00,26.71
Hambantota,2017,3,224.00,27.22
Hambantota,2017,4,157.00,28.75
Hambantota,2017,5,142.00,28.57
Hambantota,2017,6,141.00,28.19
Hambantota,2017,7,100.00,28.90
Hambantota,2017,8,104.00,28.39
Hambantota,2017,9,202.00,27.55
Hambantota,2018,1,85.00,26.29
Hambantota,2018,10,362.00,26.40
Hambantota,2018,11,341.00,26.19
Hambantota,2018,12,156.00,26.14
Hambantota,2018,2,99.00,26.46
Hambantota,2018,3,194.00,27.07
Hambantota,2018,4,266.00,27.42
Hambantota,2018,5,322.00,27.28
Hambantota,2018,6,291.00,27.31
Hambantota,2018,7,100.00,28.10
Hambantota,2018,8,92.00,28.02
Hambantota,2018,9,148.00,27.84
Hambantota,2019,1,85.00,26.82
Hambantota,2019,10,454.00,26.14
Hambantota,2019,11,376.00,26.29
Hambantota,2019,12,298.00,26.06
Hambantota,2019,2,165.00,27.22
Hambantota,2019,3,139.00,27.80
Hambantota,2019,4,205.00,28.24
Hambantota,2019,5,199.00,28.51
Hambantota,2019,6,203.00,28.65
Hambantota,2019,7,188.00,28.28
Hambantota,2019,8,362.00,27.32
Hambantota,2019,9,390.00,26.80
Hambantota,2020,1,105.00,26.90
Hambantota,2020,10,137.00,28.27
Hambantota,2020,11,303.00,27.03
Hambantota,2020,12,266.00,26.53
Hambantota,2020,2,75.00,27.27
Hambantota,2020,3,65.00,28.05
Hambantota,2020,4,222.00,28.39
Hambantota,2020,5,210.00,28.45
Hambantota,2020,6,124.00,28.80
Hambantota,2020,7,209.00,27.96
Hambantota,2020,8,189.00,28.05
Hambantota,2020,9,230.00,27.48
Hambantota,2021,1,264.00,25.95
Hambantota,2021,10,230.00,27.32
Hambantota,2021,11,272.00,26.48
Hambantota,2021,12,221.00,26.30
Hambantota,2021,2,111.00,27.03
Hambantota,2021,3,207.00,27.18
Hambantota,2021,4,175.00,28.28
Hambantota,2021,5,275.00,28.28
Hambantota,2021,6,131.00,28.42
Hambantota,2021,7,167.00,28.12
Hambantota,2021,8,170.00,27.88
Hambantota,2021,9,177.00,27.93
Hambantota,2022,1,133.00,26.53
Hambantota,2022,10,188.00,27.23
Hambantota,2022,11,248.00,26.37
Hambantota,2022,12,220.00,25.93
Hambantota,2022,2,87.00,27.20
Hambantota,2022,3,180.00,27.65
Hambantota,2022,4,214.00,27.52
Hambantota,2022,5,262.00,27.80
Hambantota,2022,6,136.00,27.64
Hambantota,2022,7,150.00,28.12
Hambantota,2022,8,170.00,27.51
Hambantota,2022,9,131.00,27.55
Hambantota,2023,1,124.00,26.23
Hambantota,2023,10,410.00,26.15
Hambantota,2023,11,384.00,26.01
Hambantota,2023,12,335.00,26.25
Hambantota,2023,2,155.00,26.68
Hambantota,2023,3,186.00,27.25
Hambantota,2023,4,210.00,28.11
Hambantota,2023,5,168.00,28.40
Hambantota,2023,6,78.00,28.74
Hambantota,2023,7,141.00,28.21
Hambantota,2023,8,117.00,28.70
Hambantota,2023,9,344.00,26.84
Hambantota,2024,1,219.00,26.36
Hambantota,2024,2,96.00,27.84
Hambantota,2024,3,131.00,28.00
Hambantota,2024,4,239.00,28.47
Hambantota,2024,5,376.00,28.14
Hambantota,2024,6,125.00,27.59
Jaffna,2015,1,71.00,25.62
Jaffna,2015,10,361.00,27.46
Jaffna,2015,11,464.00,26.37
Jaffna,2015,12,385.00,26.32
Jaffna,2015,2,88.00,26.08
Jaffna,2015,3,62.00,27.81
Jaffna,2015,4,166.00,28.61
Jaffna,2015,5,194.00,28.69
Jaffna,2015,6,75.00,29.05
Jaffna,2015,7,55.00,29.00
Jaffna,2015,8,91.00,28.72
Jaffna,2015,9,136.00,28.46
Jaffna,2016,1,65.00,26.35
Jaffna,2016,10,115.00,28.17
Jaffna,2016,11,290.00,26.69
Jaffna,2016,12,177.00,25.83
Jaffna,2016,2,65.00,27.23
Jaffna,2016,3,15.00,28.70
Jaffna,2016,4,65.00,30.38
Jaffna,2016,5,176.00,29.52
Jaffna,2016,6,104.00,29.06
Jaffna,2016,7,105.00,28.65
Jaffna,2016,8,57.00,28.87
Jaffna,2016,9,29.00,28.51
Jaffna,2017,1,156.00,25.21
Jaffna,2017,10,303.00,27.66
Jaffna,2017,11,358.00,26.31
Jaffna,2017,12,181.00,25.73
Jaffna,2017,2,28.00,25.39
Jaffna,2017,3,146.00,27.71
Jaffna,2017,4,45.00,29.70
Jaffna,2017,5,101.00,29.69
Jaffna,2017,6,111.00,29.15
Jaffna,2017,7,101.00,29.36
Jaffna,2017,8,241.00,28.57
Jaffna,2017,9,210.00,27.92
Jaffna,2018,1,44.00,24.85
Jaffna,2018,10,415.00,27.02
Jaffna,2018,11,369.00,26.17
Jaffna,2018,12,208.00,25.81
Jaffna,2018,2,52.00,25.71
Jaffna,2018,3,90.00,27.63
Jaffna,2018,4,168.00,29.12
Jaffna,2018,5,247.00,28.89
Jaffna,2018,6,86.00,28.52
Jaffna,2018,7,66.00,28.63
Jaffna,2018,8,66.00,28.04
Jaffna,2018,9,118.00,27.94
Jaffna,2019,1,28.00,25.12
Jaffna,2019,10,413.00,27.03
Jaffna,2019,11,344.00,27.03
Jaffna,2019,12,326.00,26.00
Jaffna,2019,2,92.00,27.00
Jaffna,2019,3,31.00,28.41
Jaffna,2019,4,94.00,29.54
Jaffna,2019,5,26.00,29.97
Jaffna,2019,6,48.00,29.68
Jaffna,2019,7,85.00,28.89
Jaffna,2019,8,155.00,28.34
Jaffna,2019,9,205.00,27.89
Jaffna,2020,1,77.00,26.02
Jaffna,2020,10,162.00,28.07
Jaffna,2020,11,398.00,26.85
Jaffna,2020,12,367.00,25.46
Jaffna,2020,2,42.00,26.78
Jaffna,2020,3,15.00,27.97
Jaffna,2020,4,135.00,29.56
Jaffna,2020,5,136.00,29.87
Jaffna,2020,6,94.00,29.42
Jaffna,2020,7,139.00,28.49
Jaffna,2020,8,94.00,28.22
Jaffna,2020,9,198.00,27.95
Jaffna,2021,1,301.00,25.49
Jaffna,2021,10,401.00,27.21
Jaffna,2021,11,480.00,26.09
Jaffna,2021,12,198.00,25.87
Jaffna,2021,2,87.00,25.54
Jaffna,2021,3,65.00,27.79
Jaffna,2021,4,188.00,28.95
Jaffna,2021,5,242.00,29.01
Jaffna,2021,6,111.00,28.86
Jaffna,2021,7,112.00,28.63
Jaffna,2021,8,130.00,28.28
Jaffna,2021,9,162.00,28.22
Jaffna,2022,1,131.00,25.79
Jaffna,2022,10,311.00,27.01
Jaffna,2022,11,244.00,26.04
Jaffna,2022,12,232.00,25.73
Jaffna,2022,2,93.00,25.90
Jaffna,2022,3,71.00,27.71
Jaffna,2022,4,234.00,28.32
Jaffna,2022,5,117.00,29.16
Jaffna,2022,6,89.00,28.57
Jaffna,2022,7,89.00,28.57
Jaffna,2022,8,186.00,27.79
Jaffna,2022,9,131.00,27.53
Jaffna,2023,1,94.00,25.06
Jaffna,2023,10,266.00,28.02
Jaffna,2023,11,450.00,26.24
Jaffna,2023,12,379.00,26.25
Jaffna,2023,2,103.00,25.52
Jaffna,2023,3,119.00,27.81
Jaffna,2023,4,129.00,29.24
Jaffna,2023,5,134.00,29.18
Jaffna,2023,6,99.00,29.47
Jaffna,2023,7,110.00,28.97
Jaffna,2023,8,25.00,28.97
Jaffna,2023,9,171.00,28.63
Jaffna,2024,1,125.00,26.27
Jaffna,2024,2,38.00,27.83
Jaffna,2024,3,20.00,28.81
Jaffna,2024,4,98.00,30.52
Jaffna,2024,5,260.00,29.75
Jaffna,2024,6,90.00,28.84
Kalutara,2015,1,71.00,26.18
Kalutara,2015,10,468.00,26.12
Kalutara,2015,11,405.00,26.00
Kalutara,2015,12,283.00,26.22
Kalutara,2015,2,100.00,26.25
Kalutara,2015,3,146.00,27.08
Kalutara,2015,4,271.00,27.03
Kalutara,2015,5,488.00,27.06
Kalutara,2015,6,439.00,26.87
Kalutara,2015,7,410.00,26.69
Kalutara,2015,8,415.00,26.51
Kalutara,2015,9,513.00,26.14
Kalutara,2016,1,68.00,26.87
Kalutara,2016,10,335.00,26.39
Kalutara,2016,11,326.00,25.87
Kalutara,2016,12,119.00,26.08
Kalutara,2016,2,75.00,27.44
Kalutara,2016,3,120.00,28.42
Kalutara,2016,4,192.00,28.55
Kalutara,2016,5,498.00,27.10
Kalutara,2016,6,417.00,26.84
Kalutara,2016,7,390.00,26.46
Kalutara,2016,8,420.00,26.52
Kalutara,2016,9,428.00,26.24
Kalutara,2017,1,140.00,25.60
Kalutara,2017,10,533.00,26.38
Kalutara,2017,11,366.00,25.70
Kalutara,2017,12,163.00,25.70
Kalutara,2017,2,79.00,25.91
Kalutara,2017,3,180.00,26.61
Kalutara,2017,4,337.00,27.64
Kalutara,2017,5,495.00,27.30
Kalutara,2017,6,528.00,26.92
Kalutara,2017,7,498.00,27.33
Kalutara,2017,8,534.00,26.81
Kalutara,2017,9,492.00,26.52
Kalutara,2018,1,68.00,25.86
Kalutara,2018,10,464.00,25.77
Kalutara,2018,11,354.00,25.74
Kalutara,2018,12,179.00,25.73
Kalutara,2018,2,124.00,26.37
Kalutara,2018,3,215.00,26.67
Kalutara,2018,4,221.00,26.83
Kalutara,2018,5,514.00,26.58
Kalutara,2018,6,604.00,26.79
Kalutara,2018,7,438.00,26.62
Kalutara,2018,8,391.00,26.33
Kalutara,2018,9,350.00,26.67
Kalutara,2019,1,86.00,25.81
Kalutara,2019,10,456.00,25.56
Kalutara,2019,11,352.00,25.86
Kalutara,2019,12,264.00,25.94
Kalutara,2019,2,188.00,26.62
Kalutara,2019,3,152.00,27.22
Kalutara,2019,4,258.00,27.92
Kalutara,2019,5,522.00,27.73
Kalutara,2019,6,547.00,27.75
Kalutara,2019,7,421.00,27.19
Kalutara,2019,8,593.00,26.52
Kalutara,2019,9,562.00,26.17
Kalutara,2020,1,137.00,26.57
Kalutara,2020,10,433.00,26.88
Kalutara,2020,11,307.00,26.21
Kalutara,2020,12,263.00,25.79
Kalutara,2020,2,115.00,27.23
Kalutara,2020,3,144.00,27.74
Kalutara,2020,4,266.00,27.56
Kalutara,2020,5,532.00,27.58
Kalutara,2020,6,455.00,27.42
Kalutara,2020,7,487.00,26.85
Kalutara,2020,8,417.00,26.89
Kalutara,2020,9,579.00,26.25
Kalutara,2021,1,270.00,25.41
Kalutara,2021,10,494.00,26.36
Kalutara,2021,11,513.00,25.49
Kalutara,2021,12,176.00,25.70
Kalutara,2021,2,100.00,26.38
Kalutara,2021,3,221.00,26.40
Kalutara,2021,4,332.00,27.17
Kalutara,2021,5,489.00,27.23
Kalutara,2021,6,515.00,26.98
Kalutara,2021,7,515.00,26.89
Kalutara,2021,8,536.00,26.47
Kalutara,2021,9,564.00,26.68
Kalutara,2022,1,117.00,25.69
Kalutara,2022,10,532.00,25.77
Kalutara,2022,11,265.00,25.40
Kalutara,2022,12,240.00,25.29
Kalutara,2022,2,116.00,26.14
Kalutara,2022,3,209.00,26.79
Kalutara,2022,4,338.00,26.54
Kalutara,2022,5,617.00,26.74
Kalutara,2022,6,514.00,26.57
Kalutara,2022,7,343.00,26.64
Kalutara,2022,8,485.00,26.24
Kalutara,2022,9,424.00,26.31
Kalutara,2023,1,111.00,25.00
Kalutara,2023,10,506.00,25.58
Kalutara,2023,11,399.00,25.60
Kalutara,2023,12,325.00,25.84
Kalutara,2023,2,155.00,25.60
Kalutara,2023,3,211.00,26.28
Kalutara,2023,4,213.00,26.98
Kalutara,2023,5,502.00,27.14
Kalutara,2023,6,606.00,26.90
Kalutara,2023,7,437.00,26.85
Kalutara,2023,8,427.00,27.09
Kalutara,2023,9,576.00,25.94
Kalutara,2024,1,198.00,26.06
Kalutara,2024,2,99.00,27.43
Kalutara,2024,3,103.00,28.00
Kalutara,2024,4,224.00,27.89
Kalutara,2024,5,481.00,27.56
Kalutara,2024,6,146.00,26.93
Kandy,2015,1,53.00,22.50
Kandy,2015,10,390.00,23.56
Kandy,2015,11,334.00,23.10
Kandy,2015,12,271.00,23.05
Kandy,2015,2,111.00,22.60
Kandy,2015,3,125.00,23.97
Kandy,2015,4,262.00,24.28
Kandy,2015,5,169.00,24.43
Kandy,2015,6,206.00,24.32
Kandy,2015,7,272.00,23.72
Kandy,2015,8,253.00,23.90
Kandy,2015,9,222.00,23.87
Kandy,2016,1,51.00,22.99
Kandy,2016,10,138.00,24.06
Kandy,2016,11,232.00,23.06
Kandy,2016,12,91.00,22.72
Kandy,2016,2,62.00,24.21
Kandy,2016,3,82.00,26.39
Kandy,2016,4,156.00,26.63
Kandy,2016,5,379.00,24.53
Kandy,2016,6,314.00,23.85
Kandy,2016,7,258.00,23.66
Kandy,2016,8,273.00,23.55
Kandy,2016,9,189.00,23.66
Kandy,2017,1,104.00,23.43
Kandy,2017,10,276.00,23.93
Kandy,2017,11,282.00,23.07
Kandy,2017,12,124.00,23.19
Kandy,2017,2,60.00,23.88
Kandy,2017,3,129.00,24.82
Kandy,2017,4,109.00,25.67
Kandy,2017,5,318.00,25.04
Kandy,2017,6,262.00,24.36
Kandy,2017,7,295.00,24.87
Kandy,2017,8,329.00,24.01
Kandy,2017,9,253.00,23.80
Kandy,2018,1,46.00,23.56
Kandy,2018,10,390.00,23.17
Kandy,2018,11,290.00,23.16
Kandy,2018,12,163.00,22.86
Kandy,2018,2,67.00,24.54
Kandy,2018,3,125.00,24.82
Kandy,2018,4,148.00,25.45
Kandy,2018,5,281.00,24.30
Kandy,2018,6,398.00,23.77
Kandy,2018,7,379.00,23.49
Kandy,2018,8,390.00,23.13
Kandy,2018,9,210.00,23.70
Kandy,2019,1,61.00,22.81
Kandy,2019,10,386.00,23.15
Kandy,2019,11,228.00,23.61
Kandy,2019,12,207.00,23.39
Kandy,2019,2,138.00,23.71
Kandy,2019,3,75.00,25.18
Kandy,2019,4,197.00,26.10
Kandy,2019,5,123.00,25.94
Kandy,2019,6,253.00,25.40
Kandy,2019,7,216.00,24.70
Kandy,2019,8,355.00,23.76
Kandy,2019,9,259.00,23.88
Kandy,2020,1,43.00,23.83
Kandy,2020,10,299.00,23.48
Kandy,2020,11,309.00,23.79
Kandy,2020,12,316.00,23.03
Kandy,2020,2,66.00,24.67
Kandy,2020,3,51.00,26.38
Kandy,2020,4,178.00,25.83
Kandy,2020,5,312.00,25.12
Kandy,2020,6,282.00,24.72
Kandy,2020,7,258.00,24.28
Kandy,2020,8,265.00,23.89
Kandy,2020,9,376.00,23.39
Kandy,2021,1,223.00,23.02
Kandy,2021,10,313.00,23.39
Kandy,2021,11,392.00,22.63
Kandy,2021,12,134.00,23.20
Kandy,2021,2,68.00,23.79
Kandy,2021,3,112.00,24.57
Kandy,2021,4,179.00,24.76
Kandy,2021,5,350.00,24.35
Kandy,2021,6,308.00,23.72
Kandy,2021,7,326.00,23.95
Kandy,2021,8,342.00,23.56
Kandy,2021,9,307.00,23.74
Kandy,2022,1,98.00,23.49
Kandy,2022,10,362.00,22.78
Kandy,2022,11,239.00,22.60
Kandy,2022,12,239.00,22.33
Kandy,2022,2,92.00,24.09
Kandy,2022,3,135.00,24.92
Kandy,2022,4,221.00,23.94
Kandy,2022,5,351.00,24.17
Kandy,2022,6,244.00,23.94
Kandy,2022,7,287.00,23.79
Kandy,2022,8,352.00,23.33
Kandy,2022,9,221.00,23.37
Kandy,2023,1,101.00,22.30
Kandy,2023,10,328.00,23.41
Kandy,2023,11,337.00,23.37
Kandy,2023,12,307.00,23.63
Kandy,2023,2,102.00,23.21
Kandy,2023,3,106.00,24.63
Kandy,2023,4,127.00,25.40
Kandy,2023,5,230.00,24.66
Kandy,2023,6,230.00,25.06
Kandy,2023,7,260.00,24.25
Kandy,2023,8,109.00,25.35
Kandy,2023,9,275.00,23.76
Kandy,2024,1,181.00,23.51
Kandy,2024,2,50.00,24.84
Kandy,2024,3,61.00,26.04
Kandy,2024,4,134.00,26.99
Kandy,2024,5,370.00,25.37
Kandy,2024,6,61.00,24.62
Kegalle,2015,1,28.00,24.66
Kegalle,2015,10,400.00,24.43
Kegalle,2015,11,316.00,24.25
Kegalle,2015,12,228.00,24.61
Kegalle,2015,2,57.00,25.08
Kegalle,2015,3,94.00,26.11
Kegalle,2015,4,231.00,25.43
Kegalle,2015,5,268.00,25.45
Kegalle,2015,6,344.00,25.08
Kegalle,2015,7,381.00,24.79
Kegalle,2015,8,353.00,24.82
Kegalle,2015,9,341.00,24.59
Kegalle,2016,1,17.00,25.53
Kegalle,2016,10,246.00,24.78
Kegalle,2016,11,221.00,24.35
Kegalle,2016,12,76.00,24.37
Kegalle,2016,2,33.00,26.93
Kegalle,2016,3,59.00,28.29
Kegalle,2016,4,117.00,27.66
Kegalle,2016,5,451.00,25.35
Kegalle,2016,6,429.00,24.87
Kegalle,2016,7,340.00,24.72
Kegalle,2016,8,351.00,24.65
Kegalle,2016,9,336.00,24.49
Kegalle,2017,1,95.00,25.51
Kegalle,2017,10,387.00,25.01
Kegalle,2017,11,330.00,24.68
Kegalle,2017,12,123.00,24.88
Kegalle,2017,2,40.00,26.03
Kegalle,2017,3,149.00,26.35
Kegalle,2017,4,190.00,27.21
Kegalle,2017,5,337.00,26.40
Kegalle,2017,6,406.00,25.52
Kegalle,2017,7,382.00,25.91
Kegalle,2017,8,469.00,25.20
Kegalle,2017,9,370.00,25.11
Kegalle,2018,1,40.00,25.28
Kegalle,2018,10,432.00,24.72
Kegalle,2018,11,300.00,24.83
Kegalle,2018,12,127.00,24.87
Kegalle,2018,2,59.00,26.70
Kegalle,2018,3,132.00,27.05
Kegalle,2018,4,149.00,26.37
Kegalle,2018,5,353.00,25.59
Kegalle,2018,6,581.00,25.04
Kegalle,2018,7,487.00,25.27
Kegalle,2018,8,465.00,25.05
Kegalle,2018,9,265.00,25.58
Kegalle,2019,1,51.00,25.90
Kegalle,2019,10,414.00,24.58
Kegalle,2019,11,254.00,25.26
Kegalle,2019,12,186.00,25.26
Kegalle,2019,2,148.00,26.05
Kegalle,2019,3,99.00,27.38
Kegalle,2019,4,223.00,27.46
Kegalle,2019,5,255.00,26.91
Kegalle,2019,6,463.00,26.33
Kegalle,2019,7,351.00,26.06
Kegalle,2019,8,544.00,25.04
Kegalle,2019,9,435.00,25.09
Kegalle,2020,1,61.00,26.42
Kegalle,2020,10,448.00,25.36
Kegalle,2020,11,281.00,25.21
Kegalle,2020,12,288.00,24.62
Kegalle,2020,2,43.00,27.96
Kegalle,2020,3,131.00,28.30
Kegalle,2020,4,195.00,27.11
Kegalle,2020,5,372.00,26.57
Kegalle,2020,6,417.00,26.11
Kegalle,2020,7,402.00,25.64
Kegalle,2020,8,369.00,25.77
Kegalle,2020,9,530.00,24.76
Kegalle,2021,1,224.00,24.58
Kegalle,2021,10,422.00,24.92
Kegalle,2021,11,459.00,24.15
Kegalle,2021,12,113.00,25.27
Kegalle,2021,2,54.00,26.36
Kegalle,2021,3,136.00,26.70
Kegalle,2021,4,234.00,26.50
Kegalle,2021,5,444.00,25.82
Kegalle,2021,6,496.00,25.43
Kegalle,2021,7,466.00,25.57
Kegalle,2021,8,518.00,25.07
Kegalle,2021,9,489.00,25.25
Kegalle,2022,1,97.00,25.71
Kegalle,2022,10,425.00,24.38
Kegalle,2022,11,231.00,24.40
Kegalle,2022,12,232.00,24.15
Kegalle,2022,2,89.00,26.04
Kegalle,2022,3,130.00,26.69
Kegalle,2022,4,248.00,25.76
Kegalle,2022,5,476.00,25.50
Kegalle,2022,6,372.00,25.35
Kegalle,2022,7,314.00,25.51
Kegalle,2022,8,437.00,24.99
Kegalle,2022,9,323.00,25.22
Kegalle,2023,1,115.00,24.19
Kegalle,2023,10,351.00,24.83
Kegalle,2023,11,346.00,24.74
Kegalle,2023,12,279.00,25.24
Kegalle,2023,2,108.00,25.10
Kegalle,2023,3,129.00,26.40
Kegalle,2023,4,145.00,26.78
Kegalle,2023,5,304.00,26.42
Kegalle,2023,6,348.00,26.12
Kegalle,2023,7,350.00,25.89
Kegalle,2023,8,212.00,26.95
Kegalle,2023,9,437.00,24.95
Kegalle,2024,1,172.00,25.21
Kegalle,2024,2,40.00,27.19
Kegalle,2024,3,71.00,28.29
Kegalle,2024,4,132.00,28.12
Kegalle,2024,5,424.00,26.66
Kegalle,2024,6,89.00,26.24
Kilinochchi[1],2015,1,100.00,25.26
Kilinochchi[1],2015,10,290.00,27.21
Kilinochchi[1],2015,11,449.00,26.06
Kilinochchi[1],2015,12,373.00,25.96
Kilinochchi[1],2015,2,163.00,25.51
Kilinochchi[1],2015,3,86.00,27.34
Kilinochchi[1],2015,4,108.00,28.32
Kilinochchi[1],2015,5,115.00,28.49
Kilinochchi[1],2015,6,39.00,29.27
Kilinochchi[1],2015,7,50.00,29.36
Kilinochchi[1],2015,8,50.00,29.16
Kilinochchi[1],2015,9,100.00,28.57
Kilinochchi[1],2016,1,104.00,25.84
Kilinochchi[1],2016,10,65.00,28.57
Kilinochchi[1],2016,11,314.00,26.27
Kilinochchi[1],2016,12,203.00,25.44
Kilinochchi[1],2016,2,92.00,26.82
Kilinochchi[1],2016,3,46.00,28.38
Kilinochchi[1],2016,4,24.00,30.45
Kilinochchi[1],2016,5,125.00,29.28
Kilinochchi[1],2016,6,43.00,29.15
Kilinochchi[1],2016,7,63.00,29.16
Kilinochchi[1],2016,8,39.00,29.33
Kilinochchi[1],2016,9,11.00,29.09
Kilinochchi[1],2017,1,204.00,25.09
Kilinochchi[1],2017,10,217.00,27.94
Kilinochchi[1],2017,11,387.00,26.03
Kilinochchi[1],2017,12,217.00,25.56
Kilinochchi[1],2017,2,69.00,25.05
Kilinochchi[1],2017,3,142.00,26.94
Kilinochchi[1],2017,4,22.00,30.10
Kilinochchi[1],2017,5,57.00,30.09
Kilinochchi[1],2017,6,41.00,30.01
Kilinochchi[1],2017,7,50.00,30.39
Kilinochchi[1],2017,8,113.00,29.23
Kilinochchi[1],2017,9,113.00,28.38
Kilinochchi[1],2018,1,70.00,24.88
Kilinochchi[1],2018,10,427.00,26.40
Kilinochchi[1],2018,11,371.00,25.81
Kilinochchi[1],2018,12,264.00,25.62
Kilinochchi[1],2018,2,75.00,25.70
Kilinochchi[1],2018,3,84.00,27.45
Kilinochchi[1],2018,4,98.00,29.08
Kilinochchi[1],2018,5,121.00,28.75
Kilinochchi[1],2018,6,41.00,29.45
Kilinochchi[1],2018,7,35.00,29.62
Kilinochchi[1],2018,8,41.00,29.23
Kilinochchi[1],2018,9,115.00,28.61
Kilinochchi[1],2019,1,49.00,25.15
Kilinochchi[1],2019,10,362.00,26.59
Kilinochchi[1],2019,11,330.00,26.76
Kilinochchi[1],2019,12,397.00,25.85
Kilinochchi[1],2019,2,128.00,26.57
Kilinochchi[1],2019,3,29.00,28.00
Kilinochchi[1],2019,4,66.00,29.37
Kilinochchi[1],2019,5,25.00,30.76
Kilinochchi[1],2019,6,24.00,30.62
Kilinochchi[1],2019,7,40.00,29.87
Kilinochchi[1],2019,8,97.00,29.03
Kilinochchi[1],2019,9,131.00,28.69
Kilinochchi[1],2020,1,133.00,25.85
Kilinochchi[1],2020,10,90.00,29.03
Kilinochchi[1],2020,11,400.00,26.69
Kilinochchi[1],2020,12,410.00,25.35
Kilinochchi[1],2020,2,71.00,26.35
Kilinochchi[1],2020,3,27.00,27.26
Kilinochchi[1],2020,4,118.00,29.17
Kilinochchi[1],2020,5,101.00,29.81
Kilinochchi[1],2020,6,72.00,29.94
Kilinochchi[1],2020,7,119.00,29.00
Kilinochchi[1],2020,8,53.00,29.39
Kilinochchi[1],2020,9,122.00,28.63
Kilinochchi[1],2021,1,344.00,25.33
Kilinochchi[1],2021,10,313.00,26.99
Kilinochchi[1],2021,11,430.00,25.70
Kilinochchi[1],2021,12,202.00,25.75
Kilinochchi[1],2021,2,122.00,25.26
Kilinochchi[1],2021,3,83.00,27.20
Kilinochchi[1],2021,4,120.00,28.58
Kilinochchi[1],2021,5,128.00,28.79
Kilinochchi[1],2021,6,74.00,29.24
Kilinochchi[1],2021,7,57.00,29.45
Kilinochchi[1],2021,8,73.00,29.03
Kilinochchi[1],2021,9,119.00,29.08
Kilinochchi[1],2022,1,162.00,25.35
Kilinochchi[1],2022,10,263.00,26.81
Kilinochchi[1],2022,11,248.00,25.78
Kilinochchi[1],2022,12,302.00,25.40
Kilinochchi[1],2022,2,114.00,25.46
Kilinochchi[1],2022,3,68.00,27.28
Kilinochchi[1],2022,4,192.00,27.55
Kilinochchi[1],2022,5,59.00,29.30
Kilinochchi[1],2022,6,63.00,29.28
Kilinochchi[1],2022,7,63.00,29.11
Kilinochchi[1],2022,8,131.00,28.40
Kilinochchi[1],2022,9,64.00,28.24
Kilinochchi[1],2023,1,143.00,24.81
Kilinochchi[1],2023,10,201.00,27.49
Kilinochchi[1],2023,11,454.00,25.96
Kilinochchi[1],2023,12,433.00,25.92
Kilinochchi[1],2023,2,136.00,25.19
Kilinochchi[1],2023,3,91.00,27.21
Kilinochchi[1],2023,4,92.00,28.76
Kilinochchi[1],2023,5,107.00,28.90
Kilinochchi[1],2023,6,58.00,30.06
Kilinochchi[1],2023,7,49.00,30.05
Kilinochchi[1],2023,8,33.00,30.18
Kilinochchi[1],2023,9,115.00,29.32
Kilinochchi[1],2024,1,143.00,25.89
Kilinochchi[1],2024,2,43.00,27.29
Kilinochchi[1],2024,3,31.00,28.15
Kilinochchi[1],2024,4,84.00,30.58
Kilinochchi[1],2024,5,207.00,29.49
Kilinochchi[1],2024,6,37.00,28.60
Kurunegala,2015,1,21.00,25.23
Kurunegala,2015,10,372.00,25.28
Kurunegala,2015,11,307.00,24.95
Kurunegala,2015,12,204.00,25.32
Kurunegala,2015,2,61.00,25.53
Kurunegala,2015,3,88.00,26.99
Kurunegala,2015,4,213.00,26.31
Kurunegala,2015,5,247.00,26.25
Kurunegala,2015,6,300.00,25.99
Kurunegala,2015,7,277.00,25.68
Kurunegala,2015,8,268.00,25.75
Kurunegala,2015,9,299.00,25.51
Kurunegala,2016,1,19.00,25.91
Kurunegala,2016,10,165.00,26.00
Kurunegala,2016,11,209.00,25.15
Kurunegala,2016,12,89.00,25.16
Kurunegala,2016,2,29.00,27.39
Kurunegala,2016,3,50.00,29.30
Kurunegala,2016,4,111.00,28.74
Kurunegala,2016,5,388.00,26.18
Kurunegala,2016,6,381.00,25.63
Kurunegala,2016,7,267.00,25.59
Kurunegala,2016,8,247.00,25.64
Kurunegala,2016,9,228.00,25.58
Kurunegala,2017,1,99.00,25.57
Kurunegala,2017,10,327.00,25.33
Kurunegala,2017,11,295.00,25.00
Kurunegala,2017,12,128.00,25.05
Kurunegala,2017,2,49.00,26.21
Kurunegala,2017,3,125.00,26.98
Kurunegala,2017,4,131.00,27.94
Kurunegala,2017,5,303.00,26.89
Kurunegala,2017,6,329.00,25.95
Kurunegala,2017,7,284.00,26.50
Kurunegala,2017,8,357.00,25.74
Kurunegala,2017,9,279.00,25.51
Kurunegala,2018,1,42.00,24.90
Kurunegala,2018,10,415.00,25.00
Kurunegala,2018,11,284.00,25.09
Kurunegala,2018,12,119.00,24.97
Kurunegala,2018,2,50.00,26.38
Kurunegala,2018,3,147.00,27.33
Kurunegala,2018,4,163.00,27.04
Kurunegala,2018,5,305.00,26.02
Kurunegala,2018,6,516.00,25.41
Kurunegala,2018,7,401.00,25.66
Kurunegala,2018,8,403.00,25.51
Kurunegala,2018,9,238.00,25.96
Kurunegala,2019,1,38.00,25.50
Kurunegala,2019,10,392.00,24.97
Kurunegala,2019,11,246.00,25.55
Kurunegala,2019,12,200.00,25.31
Kurunegala,2019,2,145.00,26.02
Kurunegala,2019,3,66.00,27.99
Kurunegala,2019,4,196.00,28.01
Kurunegala,2019,5,202.00,27.52
Kurunegala,2019,6,377.00,26.87
Kurunegala,2019,7,289.00,26.64
Kurunegala,2019,8,491.00,25.49
Kurunegala,2019,9,363.00,25.46
Kurunegala,2020,1,61.00,25.86
Kurunegala,2020,10,390.00,25.64
Kurunegala,2020,11,269.00,25.53
Kurunegala,2020,12,316.00,24.80
Kurunegala,2020,2,35.00,26.99
Kurunegala,2020,3,116.00,28.69
Kurunegala,2020,4,199.00,27.72
Kurunegala,2020,5,333.00,26.94
Kurunegala,2020,6,358.00,26.51
Kurunegala,2020,7,323.00,25.98
Kurunegala,2020,8,321.00,26.11
Kurunegala,2020,9,488.00,25.10
Kurunegala,2021,1,224.00,24.76
Kurunegala,2021,10,381.00,25.26
Kurunegala,2021,11,433.00,24.41
Kurunegala,2021,12,103.00,25.29
Kurunegala,2021,2,56.00,25.85
Kurunegala,2021,3,104.00,26.90
Kurunegala,2021,4,221.00,26.90
Kurunegala,2021,5,405.00,26.06
Kurunegala,2021,6,399.00,25.75
Kurunegala,2021,7,405.00,25.92
Kurunegala,2021,8,421.00,25.47
Kurunegala,2021,9,405.00,25.62
Kurunegala,2022,1,91.00,25.67
Kurunegala,2022,10,351.00,24.76
Kurunegala,2022,11,196.00,24.73
Kurunegala,2022,12,228.00,24.35
Kurunegala,2022,2,80.00,25.91
Kurunegala,2022,3,115.00,26.95
Kurunegala,2022,4,218.00,26.10
Kurunegala,2022,5,393.00,25.98
Kurunegala,2022,6,276.00,25.82
Kurunegala,2022,7,261.00,25.95
Kurunegala,2022,8,369.00,25.47
Kurunegala,2022,9,241.00,25.66
Kurunegala,2023,1,92.00,24.24
Kurunegala,2023,10,332.00,25.19
Kurunegala,2023,11,345.00,25.06
Kurunegala,2023,12,267.00,25.44
Kurunegala,2023,2,93.00,25.12
Kurunegala,2023,3,115.00,26.74
Kurunegala,2023,4,134.00,27.31
Kurunegala,2023,5,240.00,26.76
Kurunegala,2023,6,248.00,26.65
Kurunegala,2023,7,277.00,26.30
Kurunegala,2023,8,103.00,27.53
Kurunegala,2023,9,359.00,25.33
Kurunegala,2024,1,157.00,25.34
Kurunegala,2024,2,48.00,27.35
Kurunegala,2024,3,61.00,28.68
Kurunegala,2024,4,145.00,28.53
Kurunegala,2024,5,373.00,26.97
Kurunegala,2024,6,70.00,26.58
Mannar,2015,1,47.00,25.50
Mannar,2015,10,342.00,27.08
Mannar,2015,11,420.00,26.18
Mannar,2015,12,295.00,26.08
Mannar,2015,2,89.00,25.80
Mannar,2015,3,57.00,27.52
Mannar,2015,4,187.00,28.19
Mannar,2015,5,240.00,28.23
Mannar,2015,6,97.00,28.67
Mannar,2015,7,54.00,28.51
Mannar,2015,8,83.00,28.30
Mannar,2015,9,167.00,27.96
Mannar,2016,1,61.00,26.07
Mannar,2016,10,119.00,27.89
Mannar,2016,11,231.00,26.43
Mannar,2016,12,135.00,25.94
Mannar,2016,2,51.00,27.19
Mannar,2016,3,12.00,28.85
Mannar,2016,4,106.00,29.90
Mannar,2016,5,206.00,28.82
Mannar,2016,6,109.00,28.55
Mannar,2016,7,54.00,28.23
Mannar,2016,8,43.00,28.34
Mannar,2016,9,19.00,27.91
Mannar,2017,1,161.00,25.61
Mannar,2017,10,264.00,27.87
Mannar,2017,11,336.00,26.26
Mannar,2017,12,156.00,25.84
Mannar,2017,2,39.00,25.99
Mannar,2017,3,138.00,28.12
Mannar,2017,4,45.00,30.06
Mannar,2017,5,84.00,29.85
Mannar,2017,6,96.00,29.09
Mannar,2017,7,61.00,29.27
Mannar,2017,8,127.00,28.67
Mannar,2017,9,161.00,28.14
Mannar,2018,1,75.00,25.39
Mannar,2018,10,391.00,26.52
Mannar,2018,11,330.00,25.88
Mannar,2018,12,184.00,25.81
Mannar,2018,2,78.00,26.32
Mannar,2018,3,84.00,28.15
Mannar,2018,4,138.00,29.13
Mannar,2018,5,203.00,28.58
Mannar,2018,6,75.00,28.59
Mannar,2018,7,34.00,28.36
Mannar,2018,8,35.00,27.82
Mannar,2018,9,96.00,27.90
Mannar,2019,1,64.00,25.47
Mannar,2019,10,329.00,26.62
Mannar,2019,11,261.00,26.84
Mannar,2019,12,269.00,26.07
Mannar,2019,2,113.00,26.73
Mannar,2019,3,39.00,28.51
Mannar,2019,4,124.00,29.48
Mannar,2019,5,44.00,30.11
Mannar,2019,6,73.00,29.70
Mannar,2019,7,97.00,29.04
Mannar,2019,8,127.00,28.55
Mannar,2019,9,198.00,28.07
Mannar,2020,1,75.00,26.66
Mannar,2020,10,125.00,28.53
Mannar,2020,11,315.00,26.81
Mannar,2020,12,336.00,25.49
Mannar,2020,2,26.00,27.64
Mannar,2020,3,47.00,28.64
Mannar,2020,4,132.00,29.67
Mannar,2020,5,160.00,29.97
Mannar,2020,6,126.00,29.47
Mannar,2020,7,143.00,28.66
Mannar,2020,8,49.00,28.41
Mannar,2020,9,183.00,28.11
Mannar,2021,1,257.00,25.43
Mannar,2021,10,338.00,27.12
Mannar,2021,11,442.00,26.04
Mannar,2021,12,127.00,26.03
Mannar,2021,2,68.00,25.89
Mannar,2021,3,84.00,28.04
Mannar,2021,4,137.00,29.11
Mannar,2021,5,219.00,28.87
Mannar,2021,6,108.00,28.91
Mannar,2021,7,90.00,28.83
Mannar,2021,8,98.00,28.35
Mannar,2021,9,111.00,28.54
Mannar,2022,1,122.00,26.22
Mannar,2022,10,289.00,27.05
Mannar,2022,11,235.00,26.11
Mannar,2022,12,243.00,25.97
Mannar,2022,2,94.00,26.08
Mannar,2022,3,100.00,28.17
Mannar,2022,4,251.00,27.81
Mannar,2022,5,149.00,29.37
Mannar,2022,6,86.00,28.82
Mannar,2022,7,79.00,28.61
Mannar,2022,8,125.00,27.91
Mannar,2022,9,95.00,27.80
Mannar,2023,1,111.00,25.47
Mannar,2023,10,269.00,27.61
Mannar,2023,11,393.00,26.19
Mannar,2023,12,311.00,26.42
Mannar,2023,2,115.00,25.95
Mannar,2023,3,134.00,28.25
Mannar,2023,4,137.00,29.16
Mannar,2023,5,143.00,29.23
Mannar,2023,6,88.00,29.54
Mannar,2023,7,40.00,28.84
Mannar,2023,8,19.00,28.95
Mannar,2023,9,151.00,28.56
Mannar,2024,1,141.00,26.33
Mannar,2024,2,69.00,28.14
Mannar,2024,3,41.00,28.94
Mannar,2024,4,112.00,30.33
Mannar,2024,5,258.00,29.39
Mannar,2024,6,76.00,28.54
Matale,2015,1,41.00,23.80
Matale,2015,10,361.00,24.96
Matale,2015,11,316.00,24.22
Matale,2015,12,240.00,24.21
Matale,2015,2,121.00,23.72
Matale,2015,3,92.00,25.27
Matale,2015,4,227.00,25.71
Matale,2015,5,150.00,25.89
Matale,2015,6,157.00,26.00
Matale,2015,7,215.00,25.67
Matale,2015,8,190.00,25.83
Matale,2015,9,186.00,25.56
Matale,2016,1,55.00,24.18
Matale,2016,10,104.00,25.96
Matale,2016,11,216.00,24.27
Matale,2016,12,115.00,24.01
Matale,2016,2,45.00,25.31
Matale,2016,3,62.00,27.44
Matale,2016,4,103.00,28.05
Matale,2016,5,316.00,25.92
Matale,2016,6,264.00,25.52
Matale,2016,7,200.00,25.62
Matale,2016,8,187.00,25.67
Matale,2016,9,132.00,25.77
Matale,2017,1,113.00,23.86
Matale,2017,10,347.00,24.12
Matale,2017,11,309.00,23.76
Matale,2017,12,116.00,23.59
Matale,2017,2,57.00,24.49
Matale,2017,3,133.00,25.62
Matale,2017,4,138.00,26.74
Matale,2017,5,343.00,25.46
Matale,2017,6,385.00,24.67
Matale,2017,7,340.00,25.03
Matale,2017,8,376.00,24.35
Matale,2017,9,320.00,24.20
Matale,2018,1,52.00,23.33
Matale,2018,10,398.00,23.74
Matale,2018,11,307.00,23.87
Matale,2018,12,148.00,23.44
Matale,2018,2,70.00,24.75
Matale,2018,3,155.00,25.92
Matale,2018,4,178.00,25.56
Matale,2018,5,340.00,24.68
Matale,2018,6,510.00,24.11
Matale,2018,7,443.00,24.16
Matale,2018,8,421.00,23.86
Matale,2018,9,269.00,24.50
Matale,2019,1,47.00,23.61
Matale,2019,10,429.00,23.79
Matale,2019,11,264.00,24.33
Matale,2019,12,209.00,23.93
Matale,2019,2,149.00,24.49
Matale,2019,3,78.00,26.31
Matale,2019,4,200.00,26.57
Matale,2019,5,205.00,26.17
Matale,2019,6,353.00,25.62
Matale,2019,7,307.00,25.18
Matale,2019,8,463.00,24.16
Matale,2019,9,340.00,24.25
Matale,2020,1,63.00,24.22
Matale,2020,10,414.00,24.19
Matale,2020,11,307.00,24.26
Matale,2020,12,332.00,23.50
Matale,2020,2,48.00,25.20
Matale,2020,3,97.00,26.95
Matale,2020,4,238.00,26.33
Matale,2020,5,332.00,25.64
Matale,2020,6,361.00,25.12
Matale,2020,7,326.00,24.64
Matale,2020,8,325.00,24.58
Matale,2020,9,483.00,23.80
Matale,2021,1,239.00,23.47
Matale,2021,10,385.00,23.98
Matale,2021,11,435.00,23.24
Matale,2021,12,109.00,23.83
Matale,2021,2,67.00,24.27
Matale,2021,3,129.00,25.44
Matale,2021,4,228.00,25.43
Matale,2021,5,404.00,24.73
Matale,2021,6,394.00,24.41
Matale,2021,7,421.00,24.46
Matale,2021,8,416.00,24.04
Matale,2021,9,396.00,24.24
Matale,2022,1,81.00,24.17
Matale,2022,10,366.00,23.43
Matale,2022,11,217.00,23.42
Matale,2022,12,246.00,23.02
Matale,2022,2,86.00,24.19
Matale,2022,3,140.00,25.31
Matale,2022,4,246.00,24.72
Matale,2022,5,401.00,24.70
Matale,2022,6,302.00,24.48
Matale,2022,7,306.00,24.45
Matale,2022,8,394.00,23.92
Matale,2022,9,273.00,24.17
Matale,2023,1,100.00,22.73
Matale,2023,10,335.00,24.04
Matale,2023,11,363.00,23.98
Matale,2023,12,297.00,24.22
Matale,2023,2,100.00,23.61
Matale,2023,3,131.00,25.37
Matale,2023,4,155.00,25.91
Matale,2023,5,270.00,25.44
Matale,2023,6,261.00,25.49
Matale,2023,7,275.00,24.97
Matale,2023,8,136.00,26.08
Matale,2023,9,350.00,24.25
Matale,2024,1,173.00,23.94
Matale,2024,2,53.00,25.55
Matale,2024,3,60.00,27.04
Matale,2024,4,176.00,27.51
Matale,2024,5,372.00,25.71
Matale,2024,6,80.00,25.36
Matara,2015,1,140.00,25.87
Matara,2015,10,420.00,26.24
Matara,2015,11,387.00,26.15
Matara,2015,12,283.00,26.32
Matara,2015,2,122.00,26.18
Matara,2015,3,133.00,27.12
Matara,2015,4,260.00,27.19
Matara,2015,5,451.00,27.10
Matara,2015,6,336.00,27.08
Matara,2015,7,346.00,26.78
Matara,2015,8,438.00,26.44
Matara,2015,9,468.00,26.16
Matara,2016,1,83.00,26.81
Matara,2016,10,298.00,26.34
Matara,2016,11,344.00,25.93
Matara,2016,12,205.00,25.93
Matara,2016,2,107.00,27.40
Matara,2016,3,127.00,28.58
Matara,2016,4,253.00,28.25
Matara,2016,5,513.00,27.20
Matara,2016,6,420.00,26.83
Matara,2016,7,309.00,26.50
Matara,2016,8,359.00,26.52
Matara,2016,9,331.00,26.30
Matara,2017,1,152.00,25.88
Matara,2017,10,479.00,26.79
Matara,2017,11,367.00,26.35
Matara,2017,12,147.00,26.25
Matara,2017,2,125.00,26.33
Matara,2017,3,233.00,26.95
Matara,2017,4,287.00,27.83
Matara,2017,5,460.00,27.60
Matara,2017,6,485.00,27.04
Matara,2017,7,476.00,27.30
Matara,2017,8,487.00,26.90
Matara,2017,9,460.00,26.77
Matara,2018,1,137.00,25.90
Matara,2018,10,382.00,26.21
Matara,2018,11,311.00,26.33
Matara,2018,12,135.00,26.21
Matara,2018,2,116.00,26.31
Matara,2018,3,215.00,27.01
Matara,2018,4,309.00,27.24
Matara,2018,5,544.00,27.14
Matara,2018,6,537.00,26.80
Matara,2018,7,400.00,26.61
Matara,2018,8,315.00,26.10
Matara,2018,9,296.00,26.63
Matara,2019,1,96.00,25.84
Matara,2019,10,475.00,26.16
Matara,2019,11,374.00,26.47
Matara,2019,12,215.00,26.47
Matara,2019,2,144.00,26.70
Matara,2019,3,123.00,27.17
Matara,2019,4,234.00,27.77
Matara,2019,5,491.00,27.82
Matara,2019,6,471.00,27.93
Matara,2019,7,374.00,27.45
Matara,2019,8,591.00,26.88
Matara,2019,9,559.00,26.51
Matara,2020,1,53.00,26.84
Matara,2020,10,299.00,26.92
Matara,2020,11,300.00,26.67
Matara,2020,12,227.00,26.28
Matara,2020,2,48.00,27.13
Matara,2020,3,66.00,27.51
Matara,2020,4,221.00,27.78
Matara,2020,5,452.00,27.81
Matara,2020,6,363.00,27.60
Matara,2020,7,375.00,26.97
Matara,2020,8,295.00,26.99
Matara,2020,9,518.00,26.54
Matara,2021,1,219.00,25.85
Matara,2021,10,331.00,26.77
Matara,2021,11,404.00,26.26
Matara,2021,12,201.00,26.14
Matara,2021,2,96.00,26.28
Matara,2021,3,200.00,26.74
Matara,2021,4,255.00,27.47
Matara,2021,5,373.00,27.53
Matara,2021,6,383.00,27.19
Matara,2021,7,410.00,26.89
Matara,2021,8,455.00,26.58
Matara,2021,9,481.00,26.79
Matara,2022,1,119.00,25.83
Matara,2022,10,377.00,26.23
Matara,2022,11,211.00,26.11
Matara,2022,12,207.00,25.81
Matara,2022,2,83.00,26.37
Matara,2022,3,135.00,27.12
Matara,2022,4,220.00,27.23
Matara,2022,5,490.00,27.14
Matara,2022,6,368.00,26.84
Matara,2022,7,210.00,26.75
Matara,2022,8,355.00,26.26
Matara,2022,9,250.00,26.51
Matara,2023,1,110.00,25.38
Matara,2023,10,455.00,26.23
Matara,2023,11,351.00,26.23
Matara,2023,12,341.00,26.53
Matara,2023,2,109.00,25.97
Matara,2023,3,129.00,26.65
Matara,2023,4,156.00,27.46
Matara,2023,5,284.00,27.73
Matara,2023,6,366.00,27.35
Matara,2023,7,331.00,26.97
Matara,2023,8,220.00,27.42
Matara,2023,9,548.00,26.78
Matara,2024,1,178.00,26.45
Matara,2024,2,66.00,27.64
Matara,2024,3,91.00,27.60
Matara,2024,4,159.00,28.25
Matara,2024,5,443.00,27.91
Matara,2024,6,140.00,27.53
Moneragala,2015,1,107.00,24.10
Moneragala,2015,10,328.00,25.51
Moneragala,2015,11,315.00,24.81
Moneragala,2015,12,403.00,24.45
Moneragala,2015,2,204.00,23.88
Moneragala,2015,3,157.00,24.72
Moneragala,2015,4,189.00,25.52
Moneragala,2015,5,135.00,26.52
Moneragala,2015,6,85.00,27.32
Moneragala,2015,7,69.00,27.93
Moneragala,2015,8,82.00,27.62
Moneragala,2015,9,134.00,27.05
Moneragala,2016,1,126.00,24.53
Moneragala,2016,10,112.00,27.63
Moneragala,2016,11,252.00,24.78
Moneragala,2016,12,154.00,24.50
Moneragala,2016,2,158.00,25.17
Moneragala,2016,3,127.00,26.55
Moneragala,2016,4,82.00,27.48
Moneragala,2016,5,216.00,26.79
Moneragala,2016,6,50.00,27.94
Moneragala,2016,7,73.00,28.42
Moneragala,2016,8,47.00,28.12
Moneragala,2016,9,33.00,28.21
Moneragala,2017,1,150.00,24.79
Moneragala,2017,10,155.00,27.22
Moneragala,2017,11,313.00,24.88
Moneragala,2017,12,172.00,24.89
Moneragala,2017,2,133.00,24.95
Moneragala,2017,3,187.00,25.95
Moneragala,2017,4,86.00,28.20
Moneragala,2017,5,112.00,28.41
Moneragala,2017,6,65.00,29.03
Moneragala,2017,7,57.00,29.60
Moneragala,2017,8,69.00,28.81
Moneragala,2017,9,91.00,27.81
Moneragala,2018,1,108.00,24.73
Moneragala,2018,10,362.00,24.97
Moneragala,2018,11,354.00,24.82
Moneragala,2018,12,205.00,24.55
Moneragala,2018,2,121.00,25.14
Moneragala,2018,3,213.00,25.76
Moneragala,2018,4,226.00,26.09
Moneragala,2018,5,174.00,26.10
Moneragala,2018,6,71.00,27.51
Moneragala,2018,7,77.00,28.76
Moneragala,2018,8,59.00,28.87
Moneragala,2018,9,130.00,28.24
Moneragala,2019,1,93.00,24.83
Moneragala,2019,10,395.00,24.69
Moneragala,2019,11,363.00,24.99
Moneragala,2019,12,397.00,24.65
Moneragala,2019,2,244.00,25.43
Moneragala,2019,3,135.00,26.95
Moneragala,2019,4,205.00,27.47
Moneragala,2019,5,71.00,28.94
Moneragala,2019,6,69.00,29.59
Moneragala,2019,7,49.00,29.15
Moneragala,2019,8,72.00,27.85
Moneragala,2019,9,207.00,27.04
Moneragala,2020,1,200.00,25.03
Moneragala,2020,10,86.00,28.72
Moneragala,2020,11,341.00,25.52
Moneragala,2020,12,292.00,24.97
Moneragala,2020,2,123.00,25.62
Moneragala,2020,3,81.00,27.15
Moneragala,2020,4,243.00,27.32
Moneragala,2020,5,135.00,27.45
Moneragala,2020,6,63.00,28.92
Moneragala,2020,7,90.00,27.80
Moneragala,2020,8,64.00,28.77
Moneragala,2020,9,97.00,27.70
Moneragala,2021,1,329.00,24.40
Moneragala,2021,10,164.00,26.49
Moneragala,2021,11,309.00,24.72
Moneragala,2021,12,191.00,24.88
Moneragala,2021,2,144.00,25.16
Moneragala,2021,3,205.00,25.62
Moneragala,2021,4,149.00,26.60
Moneragala,2021,5,188.00,26.81
Moneragala,2021,6,79.00,28.27
Moneragala,2021,7,82.00,28.48
Moneragala,2021,8,120.00,28.29
Moneragala,2021,9,97.00,28.17
Moneragala,2022,1,174.00,24.69
Moneragala,2022,10,219.00,25.78
Moneragala,2022,11,244.00,24.71
Moneragala,2022,12,201.00,24.25
Moneragala,2022,2,99.00,25.51
Moneragala,2022,3,155.00,26.37
Moneragala,2022,4,180.00,25.88
Moneragala,2022,5,100.00,27.60
Moneragala,2022,6,82.00,27.82
Moneragala,2022,7,113.00,27.84
Moneragala,2022,8,141.00,26.74
Moneragala,2022,9,83.00,27.27
Moneragala,2023,1,162.00,24.22
Moneragala,2023,10,320.00,25.15
Moneragala,2023,11,364.00,24.75
Moneragala,2023,12,350.00,24.76
Moneragala,2023,2,173.00,24.60
Moneragala,2023,3,193.00,25.49
Moneragala,2023,4,163.00,26.59
Moneragala,2023,5,104.00,27.20
Moneragala,2023,6,74.00,29.17
Moneragala,2023,7,97.00,28.70
Moneragala,2023,8,67.00,29.77
Moneragala,2023,9,139.00,26.94
Moneragala,2024,1,225.00,24.79
Moneragala,2024,2,131.00,26.24
Moneragala,2024,3,108.00,27.13
Moneragala,2024,4,167.00,27.80
Moneragala,2024,5,179.00,27.64
Moneragala,2024,6,43.00,27.31
Mullaitivu,2015,1,117.00,25.55
Mullaitivu,2015,10,283.00,27.05
Mullaitivu,2015,11,444.00,25.99
Mullaitivu,2015,12,396.00,26.06
Mullaitivu,2015,2,209.00,25.60
Mullaitivu,2015,3,117.00,27.12
Mullaitivu,2015,4,127.00,28.06
Mullaitivu,2015,5,100.00,28.52
Mullaitivu,2015,6,43.00,29.35
Mullaitivu,2015,7,46.00,29.60
Mullaitivu,2015,8,50.00,29.25
Mullaitivu,2015,9,113.00,28.33
Mullaitivu,2016,1,155.00,26.13
Mullaitivu,2016,10,58.00,28.64
Mullaitivu,2016,11,332.00,26.25
Mullaitivu,2016,12,227.00,25.53
Mullaitivu,2016,2,132.00,26.85
Mullaitivu,2016,3,48.00,28.06
Mullaitivu,2016,4,30.00,29.99
Mullaitivu,2016,5,141.00,29.13
Mullaitivu,2016,6,38.00,29.30
Mullaitivu,2016,7,59.00,29.12
Mullaitivu,2016,8,52.00,29.12
Mullaitivu,2016,9,19.00,29.23
Mullaitivu,2017,1,263.00,25.28
Mullaitivu,2017,10,215.00,27.98
Mullaitivu,2017,11,464.00,26.30
Mullaitivu,2017,12,279.00,25.98
Mullaitivu,2017,2,90.00,25.53
Mullaitivu,2017,3,172.00,26.95
Mullaitivu,2017,4,20.00,29.23
Mullaitivu,2017,5,58.00,30.02
Mullaitivu,2017,6,39.00,30.46
Mullaitivu,2017,7,55.00,30.31
Mullaitivu,2017,8,95.00,28.86
Mullaitivu,2017,9,102.00,28.56
Mullaitivu,2018,1,131.00,25.26
Mullaitivu,2018,10,465.00,26.54
Mullaitivu,2018,11,453.00,26.20
Mullaitivu,2018,12,329.00,26.01
Mullaitivu,2018,2,175.00,25.68
Mullaitivu,2018,3,102.00,27.17
Mullaitivu,2018,4,116.00,28.20
Mullaitivu,2018,5,120.00,28.16
Mullaitivu,2018,6,28.00,29.73
Mullaitivu,2018,7,49.00,29.61
Mullaitivu,2018,8,66.00,29.34
Mullaitivu,2018,9,105.00,28.49
Mullaitivu,2019,1,100.00,25.65
Mullaitivu,2019,10,367.00,26.61
Mullaitivu,2019,11,423.00,26.85
Mullaitivu,2019,12,473.00,26.29
Mullaitivu,2019,2,185.00,26.66
Mullaitivu,2019,3,31.00,27.73
Mullaitivu,2019,4,40.00,29.00
Mullaitivu,2019,5,37.00,30.55
Mullaitivu,2019,6,23.00,30.96
Mullaitivu,2019,7,45.00,29.99
Mullaitivu,2019,8,69.00,29.53
Mullaitivu,2019,9,147.00,28.51
Mullaitivu,2020,1,200.00,26.45
Mullaitivu,2020,10,113.00,28.91
Mullaitivu,2020,11,457.00,26.78
Mullaitivu,2020,12,490.00,25.71
Mullaitivu,2020,2,131.00,26.79
Mullaitivu,2020,3,59.00,27.48
Mullaitivu,2020,4,93.00,29.10
Mullaitivu,2020,5,114.00,29.57
Mullaitivu,2020,6,60.00,30.04
Mullaitivu,2020,7,116.00,28.87
Mullaitivu,2020,8,73.00,29.25
Mullaitivu,2020,9,120.00,28.60
Mullaitivu,2021,1,432.00,25.69
Mullaitivu,2021,10,271.00,27.25
Mullaitivu,2021,11,437.00,26.01
Mullaitivu,2021,12,258.00,26.29
Mullaitivu,2021,2,160.00,25.77
Mullaitivu,2021,3,119.00,27.44
Mullaitivu,2021,4,125.00,28.35
Mullaitivu,2021,5,155.00,28.78
Mullaitivu,2021,6,63.00,29.29
Mullaitivu,2021,7,71.00,29.38
Mullaitivu,2021,8,89.00,29.04
Mullaitivu,2021,9,115.00,28.75
Mullaitivu,2022,1,244.00,25.67
Mullaitivu,2022,10,268.00,26.81
Mullaitivu,2022,11,273.00,26.17
Mullaitivu,2022,12,339.00,25.71
Mullaitivu,2022,2,159.00,26.08
Mullaitivu,2022,3,87.00,27.20
Mullaitivu,2022,4,153.00,27.42
Mullaitivu,2022,5,43.00,29.31
Mullaitivu,2022,6,75.00,29.20
Mullaitivu,2022,7,75.00,28.82
Mullaitivu,2022,8,108.00,28.10
Mullaitivu,2022,9,89.00,28.17
Mullaitivu,2023,1,185.00,25.41
Mullaitivu,2023,10,210.00,27.12
Mullaitivu,2023,11,497.00,26.29
Mullaitivu,2023,12,503.00,26.29
Mullaitivu,2023,2,175.00,25.76
Mullaitivu,2023,3,133.00,27.10
Mullaitivu,2023,4,90.00,28.42
Mullaitivu,2023,5,114.00,28.78
Mullaitivu,2023,6,55.00,30.41
Mullaitivu,2023,7,49.00,30.02
Mullaitivu,2023,8,79.00,29.57
Mullaitivu,2023,9,88.00,28.92
Mullaitivu,2024,1,215.00,26.72
Mullaitivu,2024,2,85.00,27.61
Mullaitivu,2024,3,59.00,28.05
Mullaitivu,2024,4,78.00,29.41
Mullaitivu,2024,5,180.00,29.28
Mullaitivu,2024,6,48.00,28.75
Nuwara Eliya,2015,1,89.00,16.95
Nuwara Eliya,2015,10,399.00,17.55
Nuwara Eliya,2015,11,380.00,17.35
Nuwara Eliya,2015,12,303.00,17.29
Nuwara Eliya,2015,2,163.00,16.51
Nuwara Eliya,2015,3,131.00,17.53
Nuwara Eliya,2015,4,278.00,17.92
Nuwara Eliya,2015,5,271.00,18.55
Nuwara Eliya,2015,6,259.00,18.38
Nuwara Eliya,2015,7,305.00,18.26
Nuwara Eliya,2015,8,284.00,18.15
Nuwara Eliya,2015,9,347.00,17.89
Nuwara Eliya,2016,1,109.00,17.58
Nuwara Eliya,2016,10,255.00,17.67
Nuwara Eliya,2016,11,277.00,17.20
Nuwara Eliya,2016,12,128.00,17.04
Nuwara Eliya,2016,2,106.00,18.04
Nuwara Eliya,2016,3,61.00,19.67
Nuwara Eliya,2016,4,161.00,19.43
Nuwara Eliya,2016,5,420.00,18.78
Nuwara Eliya,2016,6,366.00,18.23
Nuwara Eliya,2016,7,292.00,18.19
Nuwara Eliya,2016,8,274.00,18.12
Nuwara Eliya,2016,9,236.00,18.08
Nuwara Eliya,2017,1,168.00,14.54
Nuwara Eliya,2017,10,322.00,15.60
Nuwara Eliya,2017,11,324.00,15.45
Nuwara Eliya,2017,12,228.00,15.13
Nuwara Eliya,2017,2,135.00,14.78
Nuwara Eliya,2017,3,172.00,15.70
Nuwara Eliya,2017,4,95.00,16.83
Nuwara Eliya,2017,5,342.00,16.72
Nuwara Eliya,2017,6,373.00,15.68
Nuwara Eliya,2017,7,350.00,15.57
Nuwara Eliya,2017,8,429.00,15.48
Nuwara Eliya,2017,9,285.00,15.38
Nuwara Eliya,2018,1,111.00,14.97
Nuwara Eliya,2018,10,387.00,15.67
Nuwara Eliya,2018,11,293.00,15.56
Nuwara Eliya,2018,12,180.00,15.18
Nuwara Eliya,2018,2,136.00,15.86
Nuwara Eliya,2018,3,191.00,16.02
Nuwara Eliya,2018,4,166.00,16.64
Nuwara Eliya,2018,5,341.00,16.37
Nuwara Eliya,2018,6,580.00,15.41
Nuwara Eliya,2018,7,502.00,14.91
Nuwara Eliya,2018,8,462.00,14.77
Nuwara Eliya,2018,9,279.00,15.36
Nuwara Eliya,2019,1,164.00,14.93
Nuwara Eliya,2019,10,396.00,15.54
Nuwara Eliya,2019,11,251.00,15.71
Nuwara Eliya,2019,12,327.00,15.52
Nuwara Eliya,2019,2,189.00,15.52
Nuwara Eliya,2019,3,98.00,15.65
Nuwara Eliya,2019,4,218.00,16.80
Nuwara Eliya,2019,5,162.00,16.86
Nuwara Eliya,2019,6,381.00,16.14
Nuwara Eliya,2019,7,269.00,15.63
Nuwara Eliya,2019,8,476.00,15.25
Nuwara Eliya,2019,9,344.00,15.47
Nuwara Eliya,2020,1,127.00,15.51
Nuwara Eliya,2020,10,365.00,15.20
Nuwara Eliya,2020,11,311.00,15.87
Nuwara Eliya,2020,12,369.00,15.17
Nuwara Eliya,2020,2,168.00,15.91
Nuwara Eliya,2020,3,97.00,17.25
Nuwara Eliya,2020,4,186.00,16.86
Nuwara Eliya,2020,5,335.00,16.96
Nuwara Eliya,2020,6,367.00,15.85
Nuwara Eliya,2020,7,364.00,15.59
Nuwara Eliya,2020,8,326.00,15.27
Nuwara Eliya,2020,9,484.00,15.07
Nuwara Eliya,2021,1,289.00,15.15
Nuwara Eliya,2021,10,381.00,15.47
Nuwara Eliya,2021,11,418.00,15.18
Nuwara Eliya,2021,12,196.00,14.98
Nuwara Eliya,2021,2,145.00,15.50
Nuwara Eliya,2021,3,169.00,15.53
Nuwara Eliya,2021,4,192.00,16.39
Nuwara Eliya,2021,5,424.00,16.33
Nuwara Eliya,2021,6,349.00,15.49
Nuwara Eliya,2021,7,459.00,15.40
Nuwara Eliya,2021,8,475.00,15.15
Nuwara Eliya,2021,9,384.00,15.36
Nuwara Eliya,2022,1,177.00,14.69
Nuwara Eliya,2022,10,432.00,15.04
Nuwara Eliya,2022,11,235.00,15.04
Nuwara Eliya,2022,12,275.00,14.46
Nuwara Eliya,2022,2,131.00,15.41
Nuwara Eliya,2022,3,161.00,16.18
Nuwara Eliya,2022,4,281.00,16.08
Nuwara Eliya,2022,5,498.00,15.95
Nuwara Eliya,2022,6,391.00,15.30
Nuwara Eliya,2022,7,433.00,15.26
Nuwara Eliya,2022,8,481.00,14.95
Nuwara Eliya,2022,9,315.00,15.11
Nuwara Eliya,2023,1,217.00,14.12
Nuwara Eliya,2023,10,373.00,15.96
Nuwara Eliya,2023,11,354.00,15.99
Nuwara Eliya,2023,12,415.00,15.95
Nuwara Eliya,2023,2,204.00,14.96
Nuwara Eliya,2023,3,191.00,15.45
Nuwara Eliya,2023,4,173.00,16.24
Nuwara Eliya,2023,5,251.00,16.77
Nuwara Eliya,2023,6,380.00,16.19
Nuwara Eliya,2023,7,393.00,15.36
Nuwara Eliya,2023,8,225.00,16.10
Nuwara Eliya,2023,9,451.00,15.82
Nuwara Eliya,2024,1,248.00,15.45
Nuwara Eliya,2024,2,132.00,15.94
Nuwara Eliya,2024,3,109.00,16.75
Nuwara Eliya,2024,4,161.00,17.62
Nuwara Eliya,2024,5,417.00,17.48
Nuwara Eliya,2024,6,77.00,17.83
Polonnaruwa,2015,1,93.00,24.75
Polonnaruwa,2015,10,249.00,26.49
Polonnaruwa,2015,11,276.00,25.36
Polonnaruwa,2015,12,291.00,25.14
Polonnaruwa,2015,2,179.00,24.53
Polonnaruwa,2015,3,108.00,25.85
Polonnaruwa,2015,4,113.00,27.38
Polonnaruwa,2015,5,96.00,27.98
Polonnaruwa,2015,6,34.00,29.16
Polonnaruwa,2015,7,27.00,29.14
Polonnaruwa,2015,8,34.00,29.05
Polonnaruwa,2015,9,80.00,28.22
Polonnaruwa,2016,1,97.00,25.15
Polonnaruwa,2016,10,90.00,28.91
Polonnaruwa,2016,11,227.00,25.52
Polonnaruwa,2016,12,133.00,25.17
Polonnaruwa,2016,2,91.00,25.92
Polonnaruwa,2016,3,64.00,27.54
Polonnaruwa,2016,4,32.00,29.88
Polonnaruwa,2016,5,149.00,28.14
Polonnaruwa,2016,6,19.00,28.72
Polonnaruwa,2016,7,34.00,28.89
Polonnaruwa,2016,8,28.00,29.01
Polonnaruwa,2016,9,24.00,29.14
Polonnaruwa,2017,1,203.00,24.27
Polonnaruwa,2017,10,170.00,28.01
Polonnaruwa,2017,11,334.00,25.56
Polonnaruwa,2017,12,246.00,25.18
Polonnaruwa,2017,2,157.00,24.78
Polonnaruwa,2017,3,176.00,26.54
Polonnaruwa,2017,4,54.00,29.66
Polonnaruwa,2017,5,78.00,29.41
Polonnaruwa,2017,6,46.00,29.72
Polonnaruwa,2017,7,50.00,30.11
Polonnaruwa,2017,8,60.00,29.36
Polonnaruwa,2017,9,90.00,28.51
Polonnaruwa,2018,1,146.00,24.31
Polonnaruwa,2018,10,395.00,26.04
Polonnaruwa,2018,11,426.00,25.49
Polonnaruwa,2018,12,306.00,25.11
Polonnaruwa,2018,2,190.00,24.97
Polonnaruwa,2018,3,196.00,26.55
Polonnaruwa,2018,4,167.00,27.61
Polonnaruwa,2018,5,163.00,27.72
Polonnaruwa,2018,6,42.00,28.94
Polonnaruwa,2018,7,26.00,29.24
Polonnaruwa,2018,8,63.00,28.86
Polonnaruwa,2018,9,142.00,28.89
Polonnaruwa,2019,1,205.00,24.71
Polonnaruwa,2019,10,367.00,26.03
Polonnaruwa,2019,11,384.00,26.10
Polonnaruwa,2019,12,491.00,25.16
Polonnaruwa,2019,2,303.00,25.80
Polonnaruwa,2019,3,63.00,27.67
Polonnaruwa,2019,4,100.00,28.78
Polonnaruwa,2019,5,57.00,30.61
Polonnaruwa,2019,6,31.00,30.58
Polonnaruwa,2019,7,46.00,30.19
Polonnaruwa,2019,8,62.00,29.21
Polonnaruwa,2019,9,141.00,28.79
Polonnaruwa,2020,1,253.00,25.36
Polonnaruwa,2020,10,94.00,28.86
Polonnaruwa,2020,11,397.00,26.30
Polonnaruwa,2020,12,428.00,25.10
Polonnaruwa,2020,2,199.00,25.90
Polonnaruwa,2020,3,53.00,27.89
Polonnaruwa,2020,4,165.00,28.80
Polonnaruwa,2020,5,130.00,29.26
Polonnaruwa,2020,6,62.00,29.89
Polonnaruwa,2020,7,99.00,28.85
Polonnaruwa,2020,8,53.00,29.63
Polonnaruwa,2020,9,106.00,28.36
Polonnaruwa,2021,1,434.00,24.87
Polonnaruwa,2021,10,203.00,27.32
Polonnaruwa,2021,11,302.00,25.66
Polonnaruwa,2021,12,226.00,25.38
Polonnaruwa,2021,2,191.00,25.20
Polonnaruwa,2021,3,172.00,26.62
Polonnaruwa,2021,4,138.00,28.09
Polonnaruwa,2021,5,148.00,28.06
Polonnaruwa,2021,6,51.00,29.03
Polonnaruwa,2021,7,61.00,29.26
Polonnaruwa,2021,8,81.00,28.96
Polonnaruwa,2021,9,70.00,29.07
Polonnaruwa,2022,1,266.00,24.96
Polonnaruwa,2022,10,224.00,26.60
Polonnaruwa,2022,11,225.00,25.41
Polonnaruwa,2022,12,281.00,24.78
Polonnaruwa,2022,2,154.00,25.29
Polonnaruwa,2022,3,122.00,26.86
Polonnaruwa,2022,4,171.00,26.86
Polonnaruwa,2022,5,61.00,28.86
Polonnaruwa,2022,6,54.00,28.95
Polonnaruwa,2022,7,93.00,28.58
Polonnaruwa,2022,8,104.00,27.99
Polonnaruwa,2022,9,56.00,28.40
Polonnaruwa,2023,1,233.00,24.23
Polonnaruwa,2023,10,284.00,26.52
Polonnaruwa,2023,11,397.00,25.56
Polonnaruwa,2023,12,466.00,25.40
Polonnaruwa,2023,2,224.00,24.95
Polonnaruwa,2023,3,212.00,26.44
Polonnaruwa,2023,4,116.00,28.05
Polonnaruwa,2023,5,107.00,28.59
Polonnaruwa,2023,6,54.00,30.33
Polonnaruwa,2023,7,45.00,29.94
Polonnaruwa,2023,8,79.00,30.60
Polonnaruwa,2023,9,117.00,28.70
Polonnaruwa,2024,1,297.00,25.12
Polonnaruwa,2024,2,137.00,26.47
Polonnaruwa,2024,3,101.00,27.71
Polonnaruwa,2024,4,97.00,29.77
Polonnaruwa,2024,5,203.00,29.18
Polonnaruwa,2024,6,35.00,28.89
Puttalam,2015,1,27.00,25.89
Puttalam,2015,10,371.00,26.66
Puttalam,2015,11,312.00,26.22
Puttalam,2015,12,223.00,26.30
Puttalam,2015,2,66.00,26.18
Puttalam,2015,3,68.00,27.63
Puttalam,2015,4,232.00,27.67
Puttalam,2015,5,309.00,27.69
Puttalam,2015,6,303.00,27.63
Puttalam,2015,7,203.00,27.50
Puttalam,2015,8,226.00,27.55
Puttalam,2015,9,322.00,27.02
Puttalam,2016,1,25.00,26.51
Puttalam,2016,10,175.00,27.49
Puttalam,2016,11,215.00,26.26
Puttalam,2016,12,72.00,26.07
Puttalam,2016,2,39.00,27.77
Puttalam,2016,3,46.00,29.26
Puttalam,2016,4,148.00,29.33
Puttalam,2016,5,372.00,28.09
Puttalam,2016,6,303.00,27.60
Puttalam,2016,7,165.00,27.33
Puttalam,2016,8,137.00,27.44
Puttalam,2016,9,158.00,27.18
Puttalam,2017,1,109.00,25.29
Puttalam,2017,10,461.00,26.75
Puttalam,2017,11,270.00,26.01
Puttalam,2017,12,144.00,25.57
Puttalam,2017,2,42.00,25.81
Puttalam,2017,3,180.00,27.08
Puttalam,2017,4,166.00,28.59
Puttalam,2017,5,327.00,28.36
Puttalam,2017,6,349.00,27.66
Puttalam,2017,7,166.00,27.87
Puttalam,2017,8,259.00,27.34
Puttalam,2017,9,338.00,26.98
Puttalam,2018,1,39.00,25.14
Puttalam,2018,10,430.00,26.13
Puttalam,2018,11,328.00,25.83
Puttalam,2018,12,127.00,25.70
Puttalam,2018,2,56.00,26.44
Puttalam,2018,3,127.00,27.65
Puttalam,2018,4,173.00,27.77
Puttalam,2018,5,382.00,27.17
Puttalam,2018,6,371.00,27.31
Puttalam,2018,7,90.00,27.01
Puttalam,2018,8,98.00,26.67
Puttalam,2018,9,174.00,27.18
Puttalam,2019,1,41.00,25.41
Puttalam,2019,10,444.00,26.11
Puttalam,2019,11,250.00,26.53
Puttalam,2019,12,208.00,25.99
Puttalam,2019,2,144.00,26.86
Puttalam,2019,3,66.00,28.08
Puttalam,2019,4,194.00,28.37
Puttalam,2019,5,220.00,28.83
Puttalam,2019,6,306.00,28.56
Puttalam,2019,7,204.00,28.16
Puttalam,2019,8,436.00,27.40
Puttalam,2019,9,414.00,26.86
Puttalam,2020,1,72.00,26.32
Puttalam,2020,10,226.00,27.27
Puttalam,2020,11,268.00,26.43
Puttalam,2020,12,283.00,25.51
Puttalam,2020,2,18.00,27.46
Puttalam,2020,3,80.00,28.21
Puttalam,2020,4,222.00,28.26
Puttalam,2020,5,313.00,28.50
Puttalam,2020,6,262.00,28.11
Puttalam,2020,7,269.00,27.57
Puttalam,2020,8,227.00,27.37
Puttalam,2020,9,422.00,26.86
Puttalam,2021,1,227.00,25.49
Puttalam,2021,10,438.00,26.53
Puttalam,2021,11,469.00,25.71
Puttalam,2021,12,102.00,25.87
Puttalam,2021,2,44.00,25.83
Puttalam,2021,3,109.00,27.26
Puttalam,2021,4,267.00,27.95
Puttalam,2021,5,421.00,27.54
Puttalam,2021,6,287.00,27.59
Puttalam,2021,7,217.00,27.43
Puttalam,2021,8,221.00,27.30
Puttalam,2021,9,289.00,27.43
Puttalam,2022,1,113.00,25.87
Puttalam,2022,10,368.00,26.27
Puttalam,2022,11,222.00,25.61
Puttalam,2022,12,240.00,25.54
Puttalam,2022,2,77.00,26.02
Puttalam,2022,3,132.00,27.21
Puttalam,2022,4,286.00,27.11
Puttalam,2022,5,412.00,27.84
Puttalam,2022,6,256.00,27.39
Puttalam,2022,7,133.00,27.23
Puttalam,2022,8,265.00,26.86
Puttalam,2022,9,241.00,26.87
Puttalam,2023,1,104.00,24.79
Puttalam,2023,10,377.00,26.30
Puttalam,2023,11,377.00,25.84
Puttalam,2023,12,317.00,26.10
Puttalam,2023,2,76.00,25.61
Puttalam,2023,3,144.00,27.13
Puttalam,2023,4,173.00,27.73
Puttalam,2023,5,248.00,28.20
Puttalam,2023,6,296.00,28.34
Puttalam,2023,7,117.00,28.03
Puttalam,2023,8,97.00,28.53
Puttalam,2023,9,435.00,27.25
Puttalam,2024,1,186.00,25.95
Puttalam,2024,2,67.00,27.57
Puttalam,2024,3,72.00,28.24
Puttalam,2024,4,174.00,28.67
Puttalam,2024,5,385.00,28.39
Puttalam,2024,6,95.00,27.69
Ratnapura,2015,1,117.00,24.85
Ratnapura,2015,10,446.00,24.83
Ratnapura,2015,11,391.00,24.65
Ratnapura,2015,12,241.00,24.90
Ratnapura,2015,2,135.00,24.87
Ratnapura,2015,3,145.00,25.58
Ratnapura,2015,4,262.00,25.53
Ratnapura,2015,5,456.00,25.51
Ratnapura,2015,6,412.00,25.19
Ratnapura,2015,7,426.00,24.80
Ratnapura,2015,8,453.00,24.83
Ratnapura,2015,9,493.00,24.71
Ratnapura,2016,1,102.00,25.45
Ratnapura,2016,10,352.00,24.53
Ratnapura,2016,11,325.00,24.54
Ratnapura,2016,12,141.00,24.52
Ratnapura,2016,2,82.00,25.84
Ratnapura,2016,3,82.00,26.85
Ratnapura,2016,4,215.00,26.95
Ratnapura,2016,5,513.00,25.51
Ratnapura,2016,6,480.00,25.03
Ratnapura,2016,7,380.00,24.75
Ratnapura,2016,8,454.00,24.60
Ratnapura,2016,9,447.00,24.32
Ratnapura,2017,1,124.00,25.33
Ratnapura,2017,10,547.00,25.46
Ratnapura,2017,11,360.00,25.07
Ratnapura,2017,12,193.00,25.28
Ratnapura,2017,2,108.00,25.72
Ratnapura,2017,3,214.00,26.34
Ratnapura,2017,4,393.00,26.87
Ratnapura,2017,5,504.00,26.27
Ratnapura,2017,6,643.00,25.79
Ratnapura,2017,7,650.00,25.94
Ratnapura,2017,8,657.00,25.51
Ratnapura,2017,9,585.00,25.42
Ratnapura,2018,1,86.00,25.33
Ratnapura,2018,10,471.00,25.23
Ratnapura,2018,11,374.00,25.25
Ratnapura,2018,12,204.00,25.37
Ratnapura,2018,2,162.00,26.01
Ratnapura,2018,3,192.00,26.22
Ratnapura,2018,4,242.00,26.41
Ratnapura,2018,5,515.00,25.85
Ratnapura,2018,6,696.00,25.50
Ratnapura,2018,7,660.00,25.53
Ratnapura,2018,8,635.00,25.28
Ratnapura,2018,9,431.00,25.67
Ratnapura,2019,1,118.00,25.46
Ratnapura,2019,10,411.00,25.16
Ratnapura,2019,11,355.00,25.50
Ratnapura,2019,12,305.00,25.34
Ratnapura,2019,2,231.00,26.06
Ratnapura,2019,3,189.00,26.70
Ratnapura,2019,4,296.00,27.11
Ratnapura,2019,5,578.00,26.78
Ratnapura,2019,6,664.00,26.47
Ratnapura,2019,7,599.00,26.10
Ratnapura,2019,8,702.00,25.46
Ratnapura,2019,9,597.00,25.47
Ratnapura,2020,1,164.00,26.04
Ratnapura,2020,10,523.00,25.65
Ratnapura,2020,11,340.00,25.76
Ratnapura,2020,12,331.00,25.28
Ratnapura,2020,2,156.00,26.82
Ratnapura,2020,3,178.00,27.47
Ratnapura,2020,4,290.00,26.99
Ratnapura,2020,5,579.00,26.69
Ratnapura,2020,6,550.00,26.37
Ratnapura,2020,7,551.00,25.92
Ratnapura,2020,8,482.00,25.94
Ratnapura,2020,9,632.00,25.28
Ratnapura,2021,1,317.00,25.07
Ratnapura,2021,10,539.00,25.35
Ratnapura,2021,11,482.00,24.75
Ratnapura,2021,12,224.00,25.15
Ratnapura,2021,2,137.00,25.84
Ratnapura,2021,3,241.00,25.85
Ratnapura,2021,4,342.00,26.35
Ratnapura,2021,5,542.00,26.35
Ratnapura,2021,6,621.00,25.82
Ratnapura,2021,7,660.00,25.83
Ratnapura,2021,8,639.00,25.46
Ratnapura,2021,9,642.00,25.67
Ratnapura,2022,1,162.00,25.29
Ratnapura,2022,10,512.00,24.78
Ratnapura,2022,11,256.00,24.90
Ratnapura,2022,12,253.00,24.80
Ratnapura,2022,2,113.00,25.84
Ratnapura,2022,3,224.00,26.23
Ratnapura,2022,4,334.00,25.74
Ratnapura,2022,5,631.00,25.61
Ratnapura,2022,6,605.00,25.47
Ratnapura,2022,7,486.00,25.65
Ratnapura,2022,8,575.00,25.18
Ratnapura,2022,9,512.00,25.24
Ratnapura,2023,1,177.00,24.63
Ratnapura,2023,10,479.00,25.21
Ratnapura,2023,11,381.00,25.15
Ratnapura,2023,12,356.00,25.29
Ratnapura,2023,2,163.00,25.19
Ratnapura,2023,3,178.00,25.86
Ratnapura,2023,4,193.00,26.55
Ratnapura,2023,5,467.00,26.29
Ratnapura,2023,6,573.00,25.94
Ratnapura,2023,7,539.00,25.70
Ratnapura,2023,8,479.00,26.16
Ratnapura,2023,9,567.00,25.09
Ratnapura,2024,1,196.00,25.49
Ratnapura,2024,2,112.00,26.64
Ratnapura,2024,3,144.00,27.57
Ratnapura,2024,4,210.00,27.49
Ratnapura,2024,5,519.00,26.66
Ratnapura,2024,6,140.00,26.29
Trincomalee,2015,1,173.00,25.58
Trincomalee,2015,10,326.00,27.03
Trincomalee,2015,11,404.00,26.15
Trincomalee,2015,12,434.00,26.13
Trincomalee,2015,2,295.00,25.56
Trincomalee,2015,3,162.00,26.96
Trincomalee,2015,4,119.00,28.07
Trincomalee,2015,5,106.00,28.63
Trincomalee,2015,6,38.00,29.38
Trincomalee,2015,7,41.00,29.54
Trincomalee,2015,8,34.00,29.25
Trincomalee,2015,9,110.00,28.33
Trincomalee,2016,1,191.00,26.21
Trincomalee,2016,10,102.00,28.71
Trincomalee,2016,11,352.00,26.23
Trincomalee,2016,12,227.00,25.79
Trincomalee,2016,2,159.00,26.91
Trincomalee,2016,3,97.00,28.00
Trincomalee,2016,4,42.00,29.91
Trincomalee,2016,5,178.00,28.87
Trincomalee,2016,6,15.00,29.31
Trincomalee,2016,7,41.00,29.14
Trincomalee,2016,8,34.00,29.14
Trincomalee,2016,9,24.00,29.34
Trincomalee,2017,1,277.00,25.30
Trincomalee,2017,10,190.00,27.91
Trincomalee,2017,11,440.00,26.18
Trincomalee,2017,12,285.00,25.90
Trincomalee,2017,2,137.00,25.73
Trincomalee,2017,3,175.00,26.95
Trincomalee,2017,4,37.00,29.57
Trincomalee,2017,5,76.00,29.81
Trincomalee,2017,6,48.00,30.16
Trincomalee,2017,7,62.00,29.99
Trincomalee,2017,8,88.00,29.02
Trincomalee,2017,9,119.00,28.39
Trincomalee,2018,1,161.00,25.34
Trincomalee,2018,10,422.00,26.48
Trincomalee,2018,11,451.00,26.13
Trincomalee,2018,12,356.00,25.90
Trincomalee,2018,2,215.00,25.85
Trincomalee,2018,3,152.00,27.18
Trincomalee,2018,4,143.00,28.14
Trincomalee,2018,5,158.00,28.01
Trincomalee,2018,6,39.00,29.39
Trincomalee,2018,7,51.00,29.65
Trincomalee,2018,8,70.00,29.11
Trincomalee,2018,9,127.00,28.59
Trincomalee,2019,1,151.00,25.75
Trincomalee,2019,10,383.00,26.45
Trincomalee,2019,11,404.00,26.73
Trincomalee,2019,12,508.00,26.15
Trincomalee,2019,2,257.00,26.60
Trincomalee,2019,3,54.00,27.97
Trincomalee,2019,4,69.00,29.15
Trincomalee,2019,5,52.00,30.65
Trincomalee,2019,6,44.00,30.81
Trincomalee,2019,7,80.00,29.91
Trincomalee,2019,8,87.00,29.03
Trincomalee,2019,9,163.00,28.23
Trincomalee,2020,1,255.00,26.47
Trincomalee,2020,10,127.00,28.68
Trincomalee,2020,11,455.00,26.63
Trincomalee,2020,12,518.00,25.60
Trincomalee,2020,2,150.00,26.92
Trincomalee,2020,3,77.00,27.73
Trincomalee,2020,4,132.00,29.20
Trincomalee,2020,5,152.00,29.45
Trincomalee,2020,6,84.00,29.74
Trincomalee,2020,7,114.00,28.80
Trincomalee,2020,8,60.00,29.26
Trincomalee,2020,9,121.00,28.20
Trincomalee,2021,1,435.00,25.66
Trincomalee,2021,10,237.00,27.22
Trincomalee,2021,11,398.00,25.96
Trincomalee,2021,12,269.00,26.33
Trincomalee,2021,2,205.00,25.88
Trincomalee,2021,3,158.00,27.51
Trincomalee,2021,4,159.00,28.38
Trincomalee,2021,5,161.00,28.68
Trincomalee,2021,6,80.00,29.25
Trincomalee,2021,7,75.00,29.16
Trincomalee,2021,8,119.00,28.86
Trincomalee,2021,9,118.00,28.65
Trincomalee,2022,1,285.00,25.69
Trincomalee,2022,10,243.00,26.67
Trincomalee,2022,11,322.00,25.86
Trincomalee,2022,12,405.00,25.48
Trincomalee,2022,2,165.00,26.14
Trincomalee,2022,3,126.00,27.22
Trincomalee,2022,4,184.00,27.29
Trincomalee,2022,5,63.00,29.19
Trincomalee,2022,6,75.00,29.00
Trincomalee,2022,7,90.00,28.65
Trincomalee,2022,8,97.00,28.18
Trincomalee,2022,9,85.00,28.43
Trincomalee,2023,1,243.00,25.45
Trincomalee,2023,10,283.00,26.72
Trincomalee,2023,11,473.00,26.05
Trincomalee,2023,12,507.00,26.24
Trincomalee,2023,2,224.00,25.85
Trincomalee,2023,3,190.00,27.06
Trincomalee,2023,4,123.00,28.42
Trincomalee,2023,5,110.00,28.77
Trincomalee,2023,6,42.00,30.38
Trincomalee,2023,7,50.00,29.87
Trincomalee,2023,8,87.00,29.50
Trincomalee,2023,9,114.00,28.30
Trincomalee,2024,1,315.00,26.48
Trincomalee,2024,2,131.00,27.44
Trincomalee,2024,3,101.00,27.75
Trincomalee,2024,4,97.00,29.13
Trincomalee,2024,5,161.00,29.10
Trincomalee,2024,6,53.00,28.89
Vavuniya,2015,1,57.00,24.57
Vavuniya,2015,10,267.00,26.27
Vavuniya,2015,11,337.00,25.22
Vavuniya,2015,12,277.00,25.05
Vavuniya,2015,2,125.00,24.66
Vavuniya,2015,3,89.00,26.49
Vavuniya,2015,4,143.00,27.44
Vavuniya,2015,5,136.00,27.46
Vavuniya,2015,6,72.00,28.31
Vavuniya,2015,7,68.00,28.63
Vavuniya,2015,8,64.00,28.37
Vavuniya,2015,9,120.00,27.53
Vavuniya,2016,1,82.00,24.92
Vavuniya,2016,10,85.00,27.98
Vavuniya,2016,11,203.00,25.31
Vavuniya,2016,12,132.00,24.77
Vavuniya,2016,2,87.00,26.11
Vavuniya,2016,3,40.00,28.35
Vavuniya,2016,4,49.00,29.88
Vavuniya,2016,5,165.00,28.11
Vavuniya,2016,6,49.00,28.38
Vavuniya,2016,7,62.00,28.49
Vavuniya,2016,8,45.00,28.66
Vavuniya,2016,9,36.00,28.60
Vavuniya,2017,1,167.00,24.16
Vavuniya,2017,10,207.00,26.87
Vavuniya,2017,11,317.00,25.23
Vavuniya,2017,12,177.00,24.73
Vavuniya,2017,2,50.00,24.65
Vavuniya,2017,3,153.00,26.38
Vavuniya,2017,4,46.00,29.59
Vavuniya,2017,5,91.00,29.05
Vavuniya,2017,6,84.00,28.92
Vavuniya,2017,7,75.00,29.27
Vavuniya,2017,8,115.00,27.92
Vavuniya,2017,9,137.00,27.18
Vavuniya,2018,1,81.00,24.15
Vavuniya,2018,10,418.00,25.54
Vavuniya,2018,11,374.00,24.95
Vavuniya,2018,12,190.00,24.84
Vavuniya,2018,2,90.00,25.16
Vavuniya,2018,3,89.00,27.02
Vavuniya,2018,4,91.00,28.28
Vavuniya,2018,5,157.00,27.25
Vavuniya,2018,6,107.00,28.19
Vavuniya,2018,7,58.00,28.81
Vavuniya,2018,8,80.00,28.17
Vavuniya,2018,9,160.00,27.96
Vavuniya,2019,1,77.00,24.32
Vavuniya,2019,10,348.00,25.68
Vavuniya,2019,11,295.00,25.86
Vavuniya,2019,12,365.00,24.96
Vavuniya,2019,2,138.00,25.91
Vavuniya,2019,3,32.00,28.06
Vavuniya,2019,4,104.00,28.86
Vavuniya,2019,5,46.00,29.64
Vavuniya,2019,6,44.00,29.77
Vavuniya,2019,7,57.00,29.18
Vavuniya,2019,8,149.00,28.05
Vavuniya,2019,9,173.00,27.68
Vavuniya,2020,1,120.00,25.12
Vavuniya,2020,10,118.00,28.11
Vavuniya,2020,11,349.00,25.85
Vavuniya,2020,12,404.00,24.48
Vavuniya,2020,2,59.00,25.76
Vavuniya,2020,3,28.00,27.24
Vavuniya,2020,4,112.00,28.55
Vavuniya,2020,5,138.00,28.46
Vavuniya,2020,6,113.00,28.76
Vavuniya,2020,7,130.00,27.85
Vavuniya,2020,8,81.00,28.41
Vavuniya,2020,9,153.00,27.43
Vavuniya,2021,1,303.00,24.52
Vavuniya,2021,10,283.00,26.29
Vavuniya,2021,11,389.00,24.98
Vavuniya,2021,12,166.00,24.98
Vavuniya,2021,2,101.00,24.68
Vavuniya,2021,3,101.00,26.53
Vavuniya,2021,4,157.00,27.61
Vavuniya,2021,5,191.00,27.36
Vavuniya,2021,6,90.00,28.22
Vavuniya,2021,7,89.00,28.27
Vavuniya,2021,8,94.00,28.24
Vavuniya,2021,9,118.00,28.11
Vavuniya,2022,1,144.00,24.79
Vavuniya,2022,10,250.00,25.90
Vavuniya,2022,11,230.00,24.91
Vavuniya,2022,12,253.00,24.60
Vavuniya,2022,2,101.00,24.83
Vavuniya,2022,3,78.00,26.64
Vavuniya,2022,4,188.00,26.62
Vavuniya,2022,5,138.00,28.05
Vavuniya,2022,6,77.00,27.97
Vavuniya,2022,7,84.00,27.83
Vavuniya,2022,8,129.00,27.37
Vavuniya,2022,9,88.00,27.45
Vavuniya,2023,1,139.00,23.86
Vavuniya,2023,10,260.00,26.32
Vavuniya,2023,11,370.00,25.22
Vavuniya,2023,12,381.00,25.21
Vavuniya,2023,2,121.00,24.65
Vavuniya,2023,3,115.00,26.55
Vavuniya,2023,4,97.00,27.87
Vavuniya,2023,5,122.00,27.90
Vavuniya,2023,6,59.00,29.15
Vavuniya,2023,7,59.00,29.09
Vavuniya,2023,8,60.00,29.32
Vavuniya,2023,9,125.00,27.92
Vavuniya,2024,1,171.00,25.17
Vavuniya,2024,2,59.00,26.64
Vavuniya,2024,3,45.00,27.85
Vavuniya,2024,4,77.00,29.77
Vavuniya,2024,5,270.00,28.38
Vavuniya,2024,6,48.00,27.66
Welimada,2015,1,89.00,20.06
Welimada,2015,10,399.00,21.25
Welimada,2015,11,380.00,20.85
Welimada,2015,12,303.00,20.49
Welimada,2015,2,163.00,19.73
Welimada,2015,3,131.00,20.85
Welimada,2015,4,278.00,21.46
Welimada,2015,5,271.00,22.37
Welimada,2015,6,259.00,22.64
Welimada,2015,7,305.00,23.46
Welimada,2015,8,284.00,23.12
Welimada,2015,9,347.00,22.31
Welimada,2016,1,109.00,20.51
Welimada,2016,10,255.00,22.71
Welimada,2016,11,277.00,20.74
Welimada,2016,12,128.00,20.40
Welimada,2016,2,106.00,21.02
Welimada,2016,3,61.00,22.67
Welimada,2016,4,161.00,23.07
Welimada,2016,5,420.00,22.78
Welimada,2016,6,366.00,23.04
Welimada,2016,7,292.00,23.28
Welimada,2016,8,274.00,23.34
Welimada,2016,9,236.00,23.81
Welimada,2017,1,221.00,18.09
Welimada,2017,10,183.00,21.59
Welimada,2017,11,334.00,19.56
Welimada,2017,12,271.00,19.02
Welimada,2017,2,190.00,18.59
Welimada,2017,3,178.00,19.97
Welimada,2017,4,75.00,21.94
Welimada,2017,5,145.00,22.80
Welimada,2017,6,108.00,22.77
Welimada,2017,7,108.00,23.19
Welimada,2017,8,98.00,22.43
Welimada,2017,9,126.00,21.32
Welimada,2018,1,185.00,18.04
Welimada,2018,10,355.00,20.11
Welimada,2018,11,373.00,19.59
Welimada,2018,12,270.00,18.87
Welimada,2018,2,199.00,18.89
Welimada,2018,3,211.00,19.94
Welimada,2018,4,182.00,20.51
Welimada,2018,5,201.00,21.15
Welimada,2018,6,107.00,21.85
Welimada,2018,7,142.00,21.61
Welimada,2018,8,183.00,21.39
Welimada,2018,9,179.00,21.35
Welimada,2019,1,319.00,18.31
Welimada,2019,10,381.00,19.96
Welimada,2019,11,346.00,19.77
Welimada,2019,12,415.00,19.31
Welimada,2019,2,314.00,19.49
Welimada,2019,3,136.00,19.97
Welimada,2019,4,179.00,21.36
Welimada,2019,5,136.00,22.49
Welimada,2019,6,58.00,23.06
Welimada,2019,7,103.00,22.68
Welimada,2019,8,162.00,21.89
Welimada,2019,9,224.00,21.22
Welimada,2020,1,281.00,18.90
Welimada,2020,10,145.00,21.54
Welimada,2020,11,358.00,20.08
Welimada,2020,12,377.00,19.32
Welimada,2020,2,285.00,19.16
Welimada,2020,3,96.00,20.79
Welimada,2020,4,195.00,21.27
Welimada,2020,5,189.00,22.26
Welimada,2020,6,100.00,22.37
Welimada,2020,7,121.00,21.83
Welimada,2020,8,121.00,22.07
Welimada,2020,9,173.00,21.06
Welimada,2021,1,381.00,18.95
Welimada,2021,10,216.00,20.69
Welimada,2021,11,314.00,20.07
Welimada,2021,12,298.00,18.99
Welimada,2021,2,262.00,18.95
Welimada,2021,3,212.00,19.52
Welimada,2021,4,179.00,20.70
Welimada,2021,5,242.00,21.46
Welimada,2021,6,103.00,21.23
Welimada,2021,7,178.00,21.64
Welimada,2021,8,184.00,21.49
Welimada,2021,9,152.00,21.42
Welimada,2022,1,336.00,18.61
Welimada,2022,10,265.00,20.46
Welimada,2022,11,278.00,19.19
Welimada,2022,12,271.00,18.70
Welimada,2022,2,186.00,18.90
Welimada,2022,3,207.00,20.03
Welimada,2022,4,243.00,20.39
Welimada,2022,5,152.00,22.14
Welimada,2022,6,113.00,21.62
Welimada,2022,7,169.00,21.66
Welimada,2022,8,222.00,21.26
Welimada,2022,9,144.00,21.04
Welimada,2023,1,338.00,17.87
Welimada,2023,10,372.00,20.60
Welimada,2023,11,363.00,20.26
Welimada,2023,12,459.00,20.02
Welimada,2023,2,301.00,18.75
Welimada,2023,3,254.00,19.64
Welimada,2023,4,162.00,20.58
Welimada,2023,5,191.00,21.79
Welimada,2023,6,123.00,22.80
Welimada,2023,7,138.00,22.73
Welimada,2023,8,136.00,22.92
Welimada,2023,9,213.00,21.56
Welimada,2024,1,359.00,19.25
Welimada,2024,2,255.00,19.82
Welimada,2024,3,98.00,20.77
Welimada,2024,4,158.00,21.95
Welimada,2024,5,282.00,23.01
Welimada,2024,6,50.00,22.72
